segment,sub_segment_group,organization,sub_segment,location,website,likely_needs,buying_trigger,source_url,verified
"Export, FMCG & pharma",Ceylon tea exporters and tea brands,Dilmah / Ceylon Tea Services (MJF Group),Tea,Peliyagoda (Colombo),dilmahtea.com,"Tea cartons, tea bag envelopes, luxury gift boxes, cafe/retail print",Brand crest refresh + new Premium Ceylon Tea line (May 2026); Thambapanni luxury range (Aug 2026); Urban Estate opened Sep 2026,https://www.mi-3.com.au/20-05-2026/dilmah-unveils-brand-refresh-new-premium-ceylon-tea-line,yes
"Export, FMCG & pharma",Ceylon tea exporters and tea brands,Akbar Brothers (Pvt) Ltd,Tea,Colombo 10,akbar.com,"Tea cartons, tea bag envelopes, tins/labels, export shipping cartons",Largest tea exporter; two Presidential Export Awards 2025 incl. Globally Outreached Brand,https://www.akbar.com/category/news/,yes
"Export, FMCG & pharma",Ceylon tea exporters and tea brands,Basilur Tea Export (Pvt) Ltd,Tea,Angoda,lk.basilurtea.com,"Decorative gift tins, ""Tea Book"" rigid packs, gift boxes, tea bag envelopes","Gift-format specialty tea, eco-certified packaging; ongoing demand (exporter)",https://lk.basilurtea.com/,yes
"Export, FMCG & pharma",Ceylon tea exporters and tea brands,Euro-Scan Exports (Mlesna),Tea,Colombo 7,mlesnateas.com,"Gift tea cartons, wooden/tin box labels, tourist retail packs",Leading souvenir/gift tea brand; ongoing demand (exporter),https://en.wikipedia.org/wiki/Mlesna,yes
"Export, FMCG & pharma",Ceylon tea exporters and tea brands,George Steuart Teas,Tea,Colombo,see source,"Tea cartons, tea bag envelopes, tins",Est. 1835 exporter; group also entering pharma (see segment 5),https://en.wikipedia.org/wiki/George_Steuart_Group,yes
"Export, FMCG & pharma",Ceylon tea exporters and tea brands,Halpe Tea / Uva Halpewatte Tea Factory,Tea,Ella (Badulla),halpetea.com,"Retail tea cartons, tea bag envelopes, factory-shop gift packs",Exports worldwide; factory tourism retail outlet; ongoing demand,https://www.halpetea.com/our-businesses/exports.html,yes
"Export, FMCG & pharma",Ceylon tea exporters and tea brands,"Watawala Tea Ceylon (Zesta, Watawala Kahata) - Sunshine Holdings",Tea,Colombo (HQ),sunshineholdings.lk,"Zesta luxury cartons, pyramid bag packs, Kahata packets, boutique retail print",Launch of Zesta Luxury Tea Boutique at One Galle Face; premium range push,https://www.ft.lk/Lifestyle/Zesta-to-revive-the-art-of-tea-with-launch-of-luxury-tea-boutique-at-One-Galle-Face/8-689175,yes
"Export, FMCG & pharma",Ceylon tea exporters and tea brands,Empire Teas (Pvt) Ltd,Tea,Colombo (verify),see source,"Private-label tea cartons, tea bag envelopes, shipping cartons","Top-3 exporter, 60+ countries; ongoing demand (exporter)",https://www.facebook.com/EmpireTeasSL/,verify
"Export, FMCG & pharma",Ceylon tea exporters and tea brands,Anverally & Sons (Pvt) Ltd,Tea,Colombo,see source,"Branded tea packs, tins, private-label cartons","Exports to 32 countries (Europe, Asia, CIS, Middle East); ongoing demand",https://teasrilanka.org/committee-members,yes
"Export, FMCG & pharma",Ceylon tea exporters and tea brands,Jafferjee Brothers,Tea,Colombo,see source,"Tea cartons, tea bag envelopes, tins",Family conglomerate exporting since 1944; ongoing demand,https://teasrilanka.org/committee-members,yes
"Export, FMCG & pharma",Ceylon tea exporters and tea brands,Imperial Teas Group (Impra),Tea,Colombo-airport road (verify),impratea.com,"Impra brand cartons, tea bag envelopes, tins, gift packs","NCE Gold (Extra Large tea); 50+ countries; 310,000 sq ft factory",https://impratea.com/our-achievements-awards/,verify
"Export, FMCG & pharma",Ceylon tea exporters and tea brands,Stassen Exports,Tea,Colombo,see source,"Tea cartons, tea bag envelopes, tins",Long-established leader exporter; ongoing demand,https://teasrilanka.org/committee-members,yes
"Export, FMCG & pharma",Ceylon tea exporters and tea brands,Lumbini Tea Valley / Lumbini Tea Exports (Pvt) Ltd,Tea,Deniyaya (Matara),see source,"Premium single-origin cartons, white tea gift boxes, tea bag envelopes",Regenerative-agriculture drive; record 20 awards; direct exports since 1996,https://island.lk/lumbini-tea-valleys-regenerative-drive-poised-to-transform-sri-lankas-tea-exports/,yes
"Export, FMCG & pharma",Ceylon tea exporters and tea brands,Tea Talk (Pvt) Ltd,Tea,n/a,see source,"Tea cartons, gift packs, tea bag envelopes",EDB-registered exporter; ongoing demand,https://www.srilankabusiness.com/exporters-directory/company-profiles/tea-talk-pvt-ltd/,yes
"Export, FMCG & pharma",Ceylon tea exporters and tea brands,Ceylon Fresh Teas (Pvt) Ltd,Tea,Angoda,see source,"Value-added tea packs, cartons, tea bag envelopes, shipping cartons",Rs 1.5 bn group export turnover; NCE awards for value-added packs,https://www.srilankabusiness.com/exporters-directory/company-profiles/ceylon-fresh-teas-pvt-ltd/,yes
"Export, FMCG & pharma",Ceylon tea exporters and tea brands,Damro Exports (Damro Labookellie Tea),Tea,Nuwara Eliya / Colombo,see source,"Retail tea cartons, tea-centre gift packs, tins","12 factories, 5,000 ha; tea centre tourism retail",https://www.srilankabusiness.com/exporters-directory/company-profiles/damro-exports-pvt-ltd/,yes
"Export, FMCG & pharma",Ceylon tea exporters and tea brands,HVA Foods PLC (Heladiv),Tea,Colombo,see source,"Heladiv cartons, tea bag envelopes, iced tea packs",Listed tea exporter; ongoing demand (exporter),https://en.wikipedia.org/wiki/Heladiv,yes
"Export, FMCG & pharma",Ceylon tea exporters and tea brands,Finlays Colombo (Alwazah),Tea,Colombo,see source,"Alwazah cartons, private-label packs, shipping cartons",Global integrated tea company; private-label exports; ongoing demand,https://www.srilankabusiness.com/exporters-directory/tea-exporters-in-sri-lanka/,yes
"Export, FMCG & pharma",Ceylon tea exporters and tea brands,Venture Tea (Pvt) Ltd,Tea,Colombo,venturetea.com,"Private-label cartons, tea bag envelopes, shipping cartons",One of largest blending plants in Colombo; ongoing demand,https://venturetea.com/,yes
"Export, FMCG & pharma",Ceylon tea exporters and tea brands,Bogawantalawa Tea Estates PLC (BPL Teas),Tea,Colombo,bogawantalawa.com,"Retail cartons, pyramid bag packs, iced tea packs, Middle East export packs","Launched premium Bogawantalawa Tea at Tamimi Markets, Saudi Arabia (Jul 2026)",https://www.newswire.lk/2026/07/15/sri-lanka-launches-its-premium-bogawantalawa-tea-at-tamimi-markets-in-saudi-arabia/,yes
"Export, FMCG & pharma",Ceylon tea exporters and tea brands,Mabroc Teas (Pvt) Ltd,Tea,Colombo (verify),mabrocteas.com,"Branded cartons, tea bag envelopes, gift tins",Premium exporter; ongoing demand (exporter),https://mabrocteas.com/,verify
"Export, FMCG & pharma",Ceylon tea exporters and tea brands,Samley Teas,Tea,n/a,samleyteas.lk,"Tea cartons, tea bag envelopes",Actively marketing (2026 exporter guide); ongoing demand,https://samleyteas.lk/blogs/top-tea-exporters-in-sri-lanka.html,yes
"Export, FMCG & pharma",Ceylon tea exporters and tea brands,BTE (ceylonblacktea.com) - name unverified,Tea,n/a,ceylonblacktea.com,"Tea cartons, tea bag envelopes",Exporter site found; legal name unverified,https://www.ceylonblacktea.com/,verify
"Export, FMCG & pharma","Spice, coconut, cinnamon, rice and processed-food exporters",KAP (Pvt) Ltd,Coconut,n/a,kaplk.com,"UHT coconut milk/water sleeves, DC retail packs, labels, shipping cartons","30,000 MT/yr exports from 3 factories, 100+ clients; ongoing demand",https://kaplk.com/,yes
"Export, FMCG & pharma","Spice, coconut, cinnamon, rice and processed-food exporters",Sena Mills Refineries Exports (Pvt) Ltd,Coconut oil,Colombo (verify),see source,"VCO bottle labels, retail cartons, shipping cartons","Largest coconut oil exporter, 60+ countries; cold-pressed VCO plant",https://www.srilankabusiness.com/exporters-directory/coconut-product-exporters-in-sri-lanka/kernel-product-manufacturers/virgin-coconut-oil-suppliers/,verify
"Export, FMCG & pharma","Spice, coconut, cinnamon, rice and processed-food exporters",Ceylon Exports & Trading (Coco House),Coconut,n/a,export-lanka.com,"VCO/coconut milk powder labels, retail cartons, sparkling water labels",Multi-certified; sparkling coconut water range; ongoing demand (exporter),https://export-lanka.com/,yes
"Export, FMCG & pharma","Spice, coconut, cinnamon, rice and processed-food exporters",Virco (Pvt) Ltd,Coconut,n/a,virco.lk,"VCO jar labels, coconut sugar/flour pouches, cartons",EDB-registered organic exporter; ongoing demand,https://virco.lk/,yes
"Export, FMCG & pharma","Spice, coconut, cinnamon, rice and processed-food exporters",Silvermill Group / Silvermill Natural Beverages,Coconut,Colombo (verify),see source,"Coconut beverage labels, DC cartons, shipping cartons",100+ years value-added coconut; ongoing demand (exporter),https://www.srilankabusiness.com/exporters-directory/company-profiles/silvermill-natural-beverages-pvt-ltd/,verify
"Export, FMCG & pharma","Spice, coconut, cinnamon, rice and processed-food exporters",Renuka Agri Foods PLC,Coconut,Colombo (HQ),renukagroup.com,"Coconut milk powder cartons, VCO labels, coconut water labels, shipping cartons",Exports to 50+ markets; own organic plantations; ongoing demand,http://renukagroup.com/agri_business_cocnut_products/index.php,yes
"Export, FMCG & pharma","Spice, coconut, cinnamon, rice and processed-food exporters",Serendipol (Pvt) Ltd,Coconut oil,Kuliyapitiya (verify),see source,"VCO labels, bulk/shipping cartons",Regenerative Organic Certified coconut oil; growth since 2007,https://www.srilankabusiness.com/exporters-directory/company-profiles/serendipol-pvt-ltd/,verify
"Export, FMCG & pharma","Spice, coconut, cinnamon, rice and processed-food exporters",Adamjee Lukmanjee & Sons,Coconut & spices,Colombo,see source,"DC retail packs, spice labels, shipping cartons",One of largest coconut kernel exporters; 100+ years; ongoing demand,https://www.cda.gov.lk/web/images/pdf/export_perfo/2020_exporters/COCONUT_KERNEL_PRODUCTS.pdf,yes
"Export, FMCG & pharma","Spice, coconut, cinnamon, rice and processed-food exporters",Cocotana Coconut Products,Coconut,Katana (Negombo),see source,"Labels, retail packs, shipping cartons",CDA-registered exporter; ongoing demand,https://www.cda.gov.lk/web/index.php?option=com_cda&view=products&Itemid=227&category_id=1&search=2294&lang=en,yes
"Export, FMCG & pharma","Spice, coconut, cinnamon, rice and processed-food exporters",Nidro Supply (Pvt) Ltd,Coconut,Katuneriya,see source,"DC/coconut product cartons, labels",CDA-registered exporter; ongoing demand,https://www.cda.gov.lk/web/index.php?option=com_cda&view=products&Itemid=227&category_id=1&search=2294&lang=en,yes
"Export, FMCG & pharma","Spice, coconut, cinnamon, rice and processed-food exporters",Tropikal Life International,Coconut,n/a,see source,"VCO labels, cartons",Listed among coconut oil manufacturers (details unverified),https://pharmchoices.com/list-of-coconut-oil-manufacturers-in-sri-lanka/,verify
"Export, FMCG & pharma","Spice, coconut, cinnamon, rice and processed-food exporters",Econutrena (Pvt) Ltd,Coconut,n/a,econutrena.com,"Organic coconut product labels, retail cartons",Organic coconut exporter; ongoing demand,https://www.econutrena.com/,yes
"Export, FMCG & pharma","Spice, coconut, cinnamon, rice and processed-food exporters",CBL Natural Foods (Sera),Coconut / FMCG,n/a,see source,"Coconut milk carton sleeves, labels, POS displays",Rs 2 bn investment to launch Sera coconut milk,https://bizenglish.adaderana.lk/cbl-invests-rs-2-billion-to-launch-new-coconut-milk-product-sera/,yes
"Export, FMCG & pharma","Spice, coconut, cinnamon, rice and processed-food exporters",Expo Commodities (Pvt) Ltd,"Spices, coconut, organic",Colombo (verify),see source,"Retail spice packs, labels, shipping cartons","NCE Gold (organic), Silver (spices), Merit (coconut) awards",https://www.dailymirror.lk/business-news/Expo-Commodities-secures-3-prestigious-NCE-Export-Awards/273-299645,verify
"Export, FMCG & pharma","Spice, coconut, cinnamon, rice and processed-food exporters",EOAS Organics (Pvt) Ltd,Spices,n/a,eoasorganics.com,"Retail spice pouches/labels, cartons",Organic spices/herbs sourced from 6 provinces; exporter,https://eoasorganics.com/,yes
"Export, FMCG & pharma","Spice, coconut, cinnamon, rice and processed-food exporters",Wijaya Products (Pvt) Ltd,Spices,n/a,see source,"Curry powder pouches, spice labels, cartons",EDB-registered exporter; ongoing demand,https://www.srilankabusiness.com/exporters-directory/company-profiles/wijaya-products-pvt-ltd/,yes
"Export, FMCG & pharma","Spice, coconut, cinnamon, rice and processed-food exporters",Samagi Spice Exports (Pvt) Ltd,Cinnamon/spices,n/a,see source,"Cinnamon retail packs, labels, shipping cartons",Own collection centres; among dominant spice exporters,https://www.tendata.com/blogs/export/10878.html,yes
"Export, FMCG & pharma","Spice, coconut, cinnamon, rice and processed-food exporters",New Lanka Cinnamon,Cinnamon,n/a,see source,"Cinnamon packs, labels, shipping cartons",Named among dominant cinnamon exporters in trade data,https://www.tendata.com/blogs/export/10878.html,yes
"Export, FMCG & pharma","Spice, coconut, cinnamon, rice and processed-food exporters",Rathna Producers Cinnamon Exports (Pvt) Ltd,Cinnamon,n/a,see source,"Cinnamon cartons, labels",MD on Spice Council; exporter,https://ankhangagri.com/top-cinnamon-exporters-in-sri-lanka/,yes
"Export, FMCG & pharma","Spice, coconut, cinnamon, rice and processed-food exporters",SDS Spices,Spices,n/a,see source,"Spice retail packs, labels",Exporter of Sri Lanka-unique spices; ongoing demand,https://ankhangagri.com/top-cinnamon-exporters-in-sri-lanka/,yes
"Export, FMCG & pharma","Spice, coconut, cinnamon, rice and processed-food exporters",Hela Nature Foods (Pvt) Ltd,Cinnamon,n/a,see source,"Cinnamon retail packs, labels",Listed top cinnamon exporter,https://www.srilankabusiness.com/exporters-directory/spices-exporters-in-sri-lanka/cinnamon-suppliers/,yes
"Export, FMCG & pharma","Spice, coconut, cinnamon, rice and processed-food exporters",A.S. Chatoor & Co Ltd,Cinnamon/spices,n/a,see source,"Cinnamon packs, labels",Listed top cinnamon exporter,https://www.srilankabusiness.com/exporters-directory/spices-exporters-in-sri-lanka/cinnamon-suppliers/,yes
"Export, FMCG & pharma","Spice, coconut, cinnamon, rice and processed-food exporters",Acril Holdings (Pvt) Ltd,Cinnamon,n/a,see source,"Cinnamon packs, labels",Listed top cinnamon exporter,https://www.srilankabusiness.com/exporters-directory/spices-exporters-in-sri-lanka/cinnamon-suppliers/,yes
"Export, FMCG & pharma","Spice, coconut, cinnamon, rice and processed-food exporters",Cinnatopia,Spices,n/a,cinnatopia.com,"Organic spice retail packs, labels",3rd-generation organic spice exporter,https://www.cinnatopia.com/,yes
"Export, FMCG & pharma","Spice, coconut, cinnamon, rice and processed-food exporters",PDR Cinnamon,Cinnamon,n/a,pdrcinnamon.com,"Cinnamon retail packs, labels",Cinnamon & spices exporter; ongoing demand,https://pdrcinnamon.com/,yes
"Export, FMCG & pharma","Spice, coconut, cinnamon, rice and processed-food exporters",Ceylon Spice Company,Spices/food processing,n/a,ceylonspicecompany.com,"Retail spice packs, cartons",Spice and food processor; ongoing demand,https://www.ceylonspicecompany.com/,yes
"Export, FMCG & pharma","Spice, coconut, cinnamon, rice and processed-food exporters",Samadi Export,Cinnamon,n/a,samadiexport.com,"Cinnamon packs, labels",Cinnamon exporter; ongoing demand,https://www.samadiexport.com/,yes
"Export, FMCG & pharma","Spice, coconut, cinnamon, rice and processed-food exporters",Bughary Bio Spices (Pvt) Ltd,Spices,n/a,see source,"Retail spice packs, labels","Emerging Exporter of the Year, Presidential Export Awards (Dec 2025)",https://www.srilankabusiness.com/news/27th-presidential-export-awards-presented-to-sri-lankan-exporters-in-recognition-of-their-exceptional-contributions-to-the-export-sector.html,yes
"Export, FMCG & pharma","Spice, coconut, cinnamon, rice and processed-food exporters",Hero Nature Products (Pvt) Ltd,Natural/processed food,n/a,see source,"Retail cartons, labels","Best SME Exporter (product sector), Presidential Export Awards 2025",https://www.srilankabusiness.com/news/27th-presidential-export-awards-presented-to-sri-lankan-exporters-in-recognition-of-their-exceptional-contributions-to-the-export-sector.html,yes
"Export, FMCG & pharma","Spice, coconut, cinnamon, rice and processed-food exporters",Imperial Spices (Pvt) Ltd,Spices,n/a,see source,"Spice retail packs, labels",NCE Gold award (export sector),https://impratea.com/our-achievements-awards/,yes
"Export, FMCG & pharma","Spice, coconut, cinnamon, rice and processed-food exporters",JAPC (Pvt) Ltd,Organic products,n/a,japc.lk,"Organic retail packs, labels",Award-winning organic exporter,https://japc.lk/our-awards/,yes
"Export, FMCG & pharma","Spice, coconut, cinnamon, rice and processed-food exporters",Lanka Canneries (MD),Processed food,Colombo (verify),mdfood.lk,"Jam/sauce jar labels, cordial labels, cartons, shrink sleeves",Exports to 32+ countries; 90-year brand; ongoing demand,https://mdfood.lk/export/,verify
"Export, FMCG & pharma","Spice, coconut, cinnamon, rice and processed-food exporters",HJS Condiments Ltd,Processed food,n/a,hjs-srilanka.com,"Retail jar labels, pouches, shipping cartons",Exports to 48 countries; ongoing demand (exporter),https://www.hjs-srilanka.com/,yes
"Export, FMCG & pharma","Spice, coconut, cinnamon, rice and processed-food exporters",MA's Tropical Food Processing (Pvt) Ltd,Processed food,Dambulla,see source,"Spice-mix cartons, curry paste labels, RTE pouches, soup packs",Broad retail range; exporter; ongoing demand,https://bizdata.lk/listing/mas-tropical-food-processing-pvt-ltd/,yes
"Export, FMCG & pharma","Spice, coconut, cinnamon, rice and processed-food exporters",Araliya Group / D&R Exports,Rice & food,n/a,araliyarice.com,"Printed rice bags, labels, retail cartons",Exports to 7 countries since 2002; ongoing demand,https://www.dandrexports.com/,yes
"Export, FMCG & pharma","Spice, coconut, cinnamon, rice and processed-food exporters",New Rathna Rice Mill,Rice,n/a,newrathnarice.com,"Printed rice bags, labels",Modern milling; ongoing demand,https://www.newrathnarice.com/,yes
"Export, FMCG & pharma","Spice, coconut, cinnamon, rice and processed-food exporters",Sobako,Rice-based foods,n/a,see source,"Retail cartons, pouches",Named among emerging processed-food exporters,https://www.planetfood.news/post/sri-lanka-moves-up-the-food-value-chain,yes
"Export, FMCG & pharma","Spice, coconut, cinnamon, rice and processed-food exporters",K & D Foods (Vegolicious),Plant-based food,n/a,see source,"Noodle/pasta cartons, cookie packs, labels","New high-protein multigrain noodles, pappadam, pasta, cookies launched",https://www.lankabusinessnews.com/category/fmcg/,yes
"Export, FMCG & pharma",FMCG brands sold in Sri Lankan supermarkets,"Cargills (Ceylon) PLC (Kist, Magic, Kotmale, Supremo)","Biscuits, dairy, meat",Colombo 1,cargillsceylon.com,"Biscuit cartons, ice cream sleeves, dairy labels, meat packs, POS",Doubling biscuit production; multi-brand FMCG portfolio,https://halalfocus.com/sri-lanka-cargills-to-double-biscuit-production/,yes
"Export, FMCG & pharma",FMCG brands sold in Sri Lankan supermarkets,"Ceylon Biscuits Ltd (Munchee, Ritzbury, Tiara, Samaposha)","Biscuits, confectionery",Pannipitiya (verify),see source,"Biscuit cartons, chocolate wrappers, cereal cartons, POS displays",Diversified group; Rs 2 bn Sera launch via CBL Natural Foods,https://en.wikipedia.org/wiki/Ceylon_Biscuits_Limited,verify
"Export, FMCG & pharma",FMCG brands sold in Sri Lankan supermarkets,Maliban Biscuit Manufactories Ltd,"Biscuits, milk, water",Ratmalana,malibangroup.lk,"Biscuit cartons, milk powder packs, water labels, Zellers wrappers",Group diversifying (Maliban Biosimilars pharma plan); ongoing demand,https://www.malibangroup.lk/,yes
"Export, FMCG & pharma",FMCG brands sold in Sri Lankan supermarkets,Little Lion Associates (Pvt) Ltd,Bakery/confectionery,n/a,malibangroup.com,"Cookie/cake/wafer cartons, wrappers",4-decade bakery brand in Maliban group; ongoing demand,https://www.malibangroup.com/little-lion/,yes
"Export, FMCG & pharma",FMCG brands sold in Sri Lankan supermarkets,Harischandra Mills PLC,"Noodles, coffee, flour",Matara,see source,"Noodle packs, coffee labels, flour bags, cartons",Listed food processor since 1953; ongoing demand,https://en.wikipedia.org/wiki/Harischandra_Mills,yes
"Export, FMCG & pharma",FMCG brands sold in Sri Lankan supermarkets,Uswatte Confectionery Works,Confectionery,n/a,see source,"Jujube/candy wrappers, cartons",Trusted confectionery brand; ongoing demand,https://www.kapruka.com/online_brands.jsp,yes
"Export, FMCG & pharma",FMCG brands sold in Sri Lankan supermarkets,Edna Group (Edna chocolates),Chocolate,n/a,see source,"Chocolate cartons, wrappers, gift boxes",Large chocolate market share; ongoing demand,https://ensun.io/search/chocolate-manufacturing/sri-lanka,yes
"Export, FMCG & pharma",FMCG brands sold in Sri Lankan supermarkets,Ceylon Chocolates (Kandos),Chocolate,n/a,see source,"Chocolate cartons, wrappers, seasonal gift boxes",Major chocolate competitor; ongoing demand,https://ensun.io/search/chocolate-manufacturing/sri-lanka,yes
"Export, FMCG & pharma",FMCG brands sold in Sri Lankan supermarkets,Anods Cocoa (Pvt) Ltd,Chocolate,n/a,see source,"Chocolate wrappers, cartons",EDB-registered exporter; ongoing demand,https://www.srilankabusiness.com/exporters-directory/company-profiles/anods-cocoa-pvt-ltd/,yes
"Export, FMCG & pharma",FMCG brands sold in Sri Lankan supermarkets,CBL Foods International,Chocolate,n/a,see source,"Chocolate wrappers, gift boxes, export cartons",Building chocolate export business (EconomyNext feature),https://economynext.com/video/cbl-group-cbl-foods-international-building-the-future-of-sri-lankas-chocolate-industry/,yes
"Export, FMCG & pharma",FMCG brands sold in Sri Lankan supermarkets,Nestle Lanka PLC,"Dairy, noodles, beverages",Kurunegala factory / Colombo,nestle.lk,"Milk powder cartons, Maggi packs, Nestomalt labels, POS",Rs 2 bn+ Kurunegala factory investment; MAGGI Ricey launch,https://www.ft.lk/Front-Page/Nestl%C3%A9-reaffirms-commitment-to-Sri-Lanka-with-fresh-investment-of-over-Rs-2-b/44-742493,yes
"Export, FMCG & pharma",FMCG brands sold in Sri Lankan supermarkets,Unilever Sri Lanka,"Personal & home care, foods",Horana / Colombo,see source,"Soap cartons, shampoo labels, detergent packs, POS",Largest HPC player; ongoing demand,https://en.wikipedia.org/wiki/Unilever_Sri_Lanka,yes
"Export, FMCG & pharma",FMCG brands sold in Sri Lankan supermarkets,Fonterra Brands Lanka (Anchor) - now Lactalis,Dairy,Biyagama (verify),fonterra.com/lk,"Milk powder packs, yoghurt labels, cartons",Ownership moved to Lactalis (finalised Q1 2026): likely pack/brand transition,https://www.fonterra.com/lk/en/about-us.html,verify
"Export, FMCG & pharma",FMCG brands sold in Sri Lankan supermarkets,Prima Ceylon / Ceylon Agro Industries (Prima KottuMee),"Flour, noodles",Trincomalee / Colombo,prima.com.lk,"Noodle packs, flour bags, cartons, POS",New KottuMee Hot 'N' Spicy fusion flavours launched,https://prima.com.lk/businesses/ceylon-agro-industries-limited/,yes
"Export, FMCG & pharma",FMCG brands sold in Sri Lankan supermarkets,Serendib Flour Mills (Pvt) Ltd,Flour,Colombo (verify),see source,"Flour bags, retail packs",EDB-registered; ongoing demand,https://www.srilankabusiness.com/exporters-directory/company-profiles/serendib-flour-mills-pvt-ltd/,verify
"Export, FMCG & pharma",FMCG brands sold in Sri Lankan supermarkets,Convenience Foods (Lanka) PLC (Lankasoy),"Soya, snacks, cereals",n/a,conveniencefoodslanka.com,"TSP pouches, snack packs, cereal cartons, kottu mix packs",Listed; Cargills group; ongoing demand,https://www.conveniencefoodslanka.com/,yes
"Export, FMCG & pharma",FMCG brands sold in Sri Lankan supermarkets,Keells Food Products PLC (Krest),Processed meat,n/a,keellsfoods.lk,"Meat packs, labels, cartons",Market leader processed meat; ongoing demand,https://www.keellsfoods.lk/,yes
"Export, FMCG & pharma",FMCG brands sold in Sri Lankan supermarkets,Bairaha Farms PLC,Poultry,Colombo,bairaha.com,"Chicken packs, labels, cartons",500 t cold storage commissioned Mar 2026; Keells Platinum award,https://www.dailymirror.lk/business/Bairaha-secures-Platinum-at-Keells-Partner-Power-2026/215-339731,yes
"Export, FMCG & pharma",FMCG brands sold in Sri Lankan supermarkets,Crysbro,Poultry,n/a,crysbro.com,"Chicken product packs, labels, cartons",Launched 2 new poultry products; new feed plant Wariyapola,https://www.ft.lk/Dining/Crysbro-launches-2-new-poultry-products-to-local-market/39-725438,yes
"Export, FMCG & pharma",FMCG brands sold in Sri Lankan supermarkets,"Lanka Milk Foods (CWE) PLC (Ambewela, Lakspray)",Dairy,Colombo / Ambewela,lmfgroup.lk,"Milk powder packs, yoghurt labels, cheese cartons",Dairy farm expansion; US$70.5M revenue FY26,https://lmfgroup.lk/,yes
"Export, FMCG & pharma",FMCG brands sold in Sri Lankan supermarkets,Milco (Pvt) Ltd (Highland),Dairy,Colombo (Narahenpita),milco.lk,"Milk powder packs, yoghurt labels, cartons","200,000 L/day capacity; ongoing demand",https://milco.lk/our-factories/,yes
"Export, FMCG & pharma",FMCG brands sold in Sri Lankan supermarkets,Pelwatte Dairy,Dairy,Buttala (Monaragala),pelwattedairy.com,"Milk powder packs, UHT cartons, yoghurt labels","New products (drinking yoghurt, UHT, infant milk); +50% milk powder capacity",https://www.thecattlesite.com/news/52742/new-dairy-products-to-nourish-sri-lanka,yes
"Export, FMCG & pharma",FMCG brands sold in Sri Lankan supermarkets,Richlife Dairies Ltd,Dairy,n/a,see source,"UHT cartons, yoghurt labels",First UHT tetra-pack producer; ongoing demand,https://www.kapruka.com/shop/dairy-milk-brands-in-sri-lanka/,yes
"Export, FMCG & pharma",FMCG brands sold in Sri Lankan supermarkets,Lucky Lanka Milk Processing Co PLC,Dairy,n/a,see source,"Yoghurt labels, milk packs",Innovative dairy since 1991; ongoing demand,https://www.kapruka.com/shop/dairy-milk-brands-in-sri-lanka/,yes
"Export, FMCG & pharma",FMCG brands sold in Sri Lankan supermarkets,"Ceylon Cold Stores PLC (Elephant House, SMAK)","Beverages, ice cream",Colombo,elephanthouse.lk,"Bottle labels, shrink sleeves, ice cream sleeves, juice packs, POS",Launched Campa beverages with Reliance; SMAK range,https://www.adgully.com/post/5040/reliance-consumer-products-launches-campa-beverages-in-sri-lanka-with-ceylon-cold-stores,yes
"Export, FMCG & pharma",FMCG brands sold in Sri Lankan supermarkets,Coca-Cola Beverages Sri Lanka,Beverages,Biyagama (verify),see source,"Labels, shrink sleeves, POS",Major bottler; ongoing demand,https://procoolmfg.com/top-beverage-companies-in-sri-lanka/,verify
"Export, FMCG & pharma",FMCG brands sold in Sri Lankan supermarkets,My Cola Beverages,"Beverages, water",n/a,see source,"Bottle labels, shrink packs",25-year bottler; ongoing demand,https://en.wikipedia.org/wiki/My_Cola_Beverages,yes
"Export, FMCG & pharma",FMCG brands sold in Sri Lankan supermarkets,Lion Brewery (Ceylon) PLC,Beer,Biyagama,see source,"Beer labels, can/carton packs, POS",2m hl brewery; VLB Berlin member,https://en.wikipedia.org/wiki/Lion_Brewery_(Sri_Lanka),yes
"Export, FMCG & pharma",FMCG brands sold in Sri Lankan supermarkets,Rockland Distilleries (Pvt) Ltd,Spirits,Colombo,see source,"Spirit labels, gift cartons","Gold across range, London Spirits Competition 2026",https://lk.linkedin.com/company/rockland-distilleries-pvt-ltd,yes
"Export, FMCG & pharma",FMCG brands sold in Sri Lankan supermarkets,Distilleries Company of Sri Lanka PLC,Spirits,Colombo,see source,"Labels, cartons",Largest arrack producer; ongoing demand,https://en.wikipedia.org/wiki/Intoxicants_in_Sri_Lanka,yes
"Export, FMCG & pharma",FMCG brands sold in Sri Lankan supermarkets,DCSL Breweries Lanka (ex-Heineken Lanka),Beer,n/a,see source,"Beer labels, cartons",Rebranded from Heineken Lanka: label/brand transition,https://en.wikipedia.org/wiki/DCSL_Breweries_Lanka,yes
"Export, FMCG & pharma",FMCG brands sold in Sri Lankan supermarkets,Hemas Manufacturing (Pvt) Ltd,Personal & home care,Dankotuwa (verify),hemas.com,"Baby Cheramy cartons, Clogard cartons, shampoo labels, Diva packs, POS",Leading HPC manufacturer; ongoing demand,https://www.srilankabusiness.com/exporters-directory/company-profiles/hemas-manufacturing-pvt-ltd/,verify
"Export, FMCG & pharma",FMCG brands sold in Sri Lankan supermarkets,"Swadeshi Industrial Works PLC (Rani, Khomba)","Soap, personal care",Kandana,swadeshiherbal.com,"Soap cartons/wrappers, detergent packs, herbal cosmetic cartons",First local soap maker; herbal range; ongoing demand,https://en.wikipedia.org/wiki/Swadeshi_Industrial_Works,yes
"Export, FMCG & pharma",FMCG brands sold in Sri Lankan supermarkets,BCC Lanka Ltd,"Soap, coconut oil, detergents",n/a,bcc.lk,"Coconut oil labels, soap wrappers, washing powder packs",Consumer products manufacturer; ongoing demand,https://www.bcc.lk/shop?c=Soap,yes
"Export, FMCG & pharma",FMCG brands sold in Sri Lankan supermarkets,Delmege Consumer,FMCG distribution,Colombo,delmege.com,"Brand packs, labels, POS",FMCG partner/distributor; ongoing demand,https://www.delmege.com/companies/delmege-fmcg/,yes
"Export, FMCG & pharma",FMCG brands sold in Sri Lankan supermarkets,CavinKare Lanka,Dairy beverages,n/a,see source,"Milkshake packs, sachets, POS",Launched Cavin's Milkshake in Sri Lanka,https://www.lankabusinessnews.com/category/fmcg/,yes
"Export, FMCG & pharma",FMCG brands sold in Sri Lankan supermarkets,Raigam Group,"Noodles, salt",n/a,see source,"Noodle packs, salt packs, cartons",FMCG group; ongoing demand,https://www.kapruka.com/online_brands.jsp,yes
"Export, FMCG & pharma",FMCG brands sold in Sri Lankan supermarkets,Motha Confectionery Works,Dessert mixes,n/a,see source,"Dessert mix sachets, cartons",Leader in dessert mixes since 1960; ongoing demand,https://www.kapruka.com/online_brands.jsp,yes
"Export, FMCG & pharma",FMCG brands sold in Sri Lankan supermarkets,Perera & Sons,Bakery,Colombo,see source,"Bakery cartons, cake boxes, labels","Exhibited at first Sri Lanka pavilion, Fine Food Australia 2026",https://www.mfa.gov.lk/en/news/sri-lanka-showcases-first-ever-pavilion-fine-food-australia-2026,yes
"Export, FMCG & pharma","Ayurveda, herbal, cosmetics and wellness brands",Hettigoda Industries (Siddhalepa),Ayurveda,Mount Lavinia,siddhalepa.com,"Balm cartons, oil labels, herbal tea cartons, leaflets, spa packs",New Siddhalepa Ayurveda Mount Lavinia Boutique (Sep 2026); exports to 40+ countries,https://www.siddhalepa.com/export-market/,yes
"Export, FMCG & pharma","Ayurveda, herbal, cosmetics and wellness brands",Link Natural Products (Pvt) Ltd,Ayurveda,Dompe (Gampaha) (verify),linknaturalproducts.com,"Unit cartons for 200+ SKUs, labels, leaflets, Samahan sachets",200+ product range; exporter; ongoing demand,https://www.linknaturalproducts.com/,verify
"Export, FMCG & pharma","Ayurveda, herbal, cosmetics and wellness brands",Spa Ceylon Ayurveda Wellness,Luxury wellness,Colombo,lk.spaceylon.com,"Rigid gift boxes, labels, seasonal gift sets",Eid Celebration Collection 2026 (seasonal gift packaging),https://lk.linkedin.com/company/spa-ceylon,yes
"Export, FMCG & pharma","Ayurveda, herbal, cosmetics and wellness brands",Janet Ayurvedics (Pvt) Ltd,Herbal cosmetics,n/a,see source,"Cosmetic cartons, labels",Pioneer since 1961; ongoing demand,https://www.srilankabusiness.com/blog/ayurveda-herbal-products-sri-lanka.html,yes
"Export, FMCG & pharma","Ayurveda, herbal, cosmetics and wellness brands",Nature's Beauty Creations Ltd (Nature's Secrets),Herbal cosmetics,n/a,nbc.lk,"Skin/hair/baby care cartons, labels, leaflets",Largest GMP cosmetics maker; National Green Award,https://www.nbc.lk/,yes
"Export, FMCG & pharma","Ayurveda, herbal, cosmetics and wellness brands",Dreamron Group,Cosmetics,n/a,dreamron.lk,"Hair care cartons, labels, sachets",Exports to 30+ destinations; ongoing demand,https://dreamron.lk/,yes
"Export, FMCG & pharma","Ayurveda, herbal, cosmetics and wellness brands",4Ever Skin Naturals,Herbal cosmetics,n/a,foreverskinnaturals.com,"Cream cartons, labels",Herbal beauty brand; ongoing demand,https://foreverskinnaturals.com/about/aboutus,yes
"Export, FMCG & pharma","Ayurveda, herbal, cosmetics and wellness brands",Gampaha Wickramaratchi Siddhayurveda Ausheda (Pvt) Ltd,Ayurveda medicines,Gampaha,gampahawickramaratchi.lk,"Medicine cartons, bottle labels, leaflets",4-generation manufacturer; ongoing demand,https://www.gampahawickramaratchi.lk/,yes
"Export, FMCG & pharma","Ayurveda, herbal, cosmetics and wellness brands",Sri Lanka Ayurvedic Drugs Corporation,Ayurveda medicines,n/a,see source,"Medicine cartons, labels, leaflets",Only state ayurveda manufacturer; procurement via tenders,https://www.srilankabusiness.com/ayurvedic-and-herbal/overview.html,yes
"Export, FMCG & pharma","Ayurveda, herbal, cosmetics and wellness brands","Hemas (Kumarika, Baby Cheramy)",Herbal personal care,Dankotuwa (verify),hemas.com,"Hair oil labels, cartons, POS",Leading herbal hair care brand; see also segment 3,https://www.srilankabusiness.com/exporters-directory/company-profiles/hemas-manufacturing-pvt-ltd/,verify
"Export, FMCG & pharma",Pharmaceutical manufacturers and distributors,State Pharmaceuticals Manufacturing Corporation (SPMC),Pharma manufacturer,Ratmalana,spmc.gov.lk,"Pharma cartons, leaflets, blister backing, bottle labels",State manufacturer; publishes packaging/print tenders,https://spmc.gov.lk/media/tenders,yes
"Export, FMCG & pharma",Pharmaceutical manufacturers and distributors,Navesta Pharmaceuticals (Pvt) Ltd,Pharma manufacturer,Horana,see source,"Vial/injectable cartons, labels, leaflets",First sterile plant; beta-lactam injectables,https://www.ft.lk/Business/Navesta-Pharmaceuticals-opens-Sri-Lanka-s-first-sterile-pharmaceutical-manufacturing-plant-in-Horana/34-638918,yes
"Export, FMCG & pharma",Pharmaceutical manufacturers and distributors,Morison Ltd (Hemas),Pharma manufacturer,Homagama,see source,"OSD cartons, oral liquid labels, leaflets, blister backing",Rs 4 bn EU-GMP plant; export drive,https://economynext.com/brand_voice/morison-advancing-sri-lankas-pharmaceutical-future/,yes
"Export, FMCG & pharma",Pharmaceutical manufacturers and distributors,Hemas Pharmaceuticals,Pharma manufacturer/distributor,Colombo,hemas.com,"Cartons, labels, leaflets",Rs 2 bn new pharma plant; export diversification,https://www.ft.lk/Front-Page/hemas-group-to-invest-rs-2-b-for-new-pharmaceutical-plant/44-598946,yes
"Export, FMCG & pharma",Pharmaceutical manufacturers and distributors,Astron Ltd,Pharma manufacturer,Colombo (verify),see source,"Cartons, labels, leaflets",Manufacturing since 1956; SLPMA member,https://lk.linkedin.com/company/slpma,verify
"Export, FMCG & pharma",Pharmaceutical manufacturers and distributors,CIC Life Sciences,Pharma manufacturer,Welisara,cic.lk,"Cartons, labels, leaflets",NMRA-approved manufacturer; ongoing demand,https://www.cic.lk/pharmaceuticals/,yes
"Export, FMCG & pharma",Pharmaceutical manufacturers and distributors,Tabrane Pharmaceuticals (Pvt) Ltd,Pharma manufacturer/distributor,n/a,see source,"Cartons, labels, leaflets",Western and non-western portfolio; ongoing demand,https://www.theonpharma.com/top-10-pharmaceutical-manufacturing-companies-in-sri-lanka/,yes
"Export, FMCG & pharma",Pharmaceutical manufacturers and distributors,Sun Pharmaceutical (Sri Lanka),Pharma distributor,Colombo,sunpharma.com,"Local labels, leaflets, promotional print",Top-5 generic company locally; ongoing demand,https://sunpharma.com/sri-lanka/,yes
"Export, FMCG & pharma",Pharmaceutical manufacturers and distributors,George Steuart Health (Pvt) Ltd,Pharma distributor / new manufacturer,Colombo,see source,"Cartons, labels, leaflets",Requested Hambantota/Ingiriya land for pharma plant (Aug 2025),https://www.sundaytimes.lk/250824/business-times/pharma-companies-seek-new-digs-in-hambantota-and-ingiriya-609416.html,yes
"Export, FMCG & pharma",Pharmaceutical manufacturers and distributors,Maliban Biosimilars (Pvt) Ltd,Biosimilars (planned),n/a,see source,"Vial labels, cartons, leaflets",Requested pharma zone land for new plant (Aug 2025),https://www.sundaytimes.lk/250824/business-times/pharma-companies-seek-new-digs-in-hambantota-and-ingiriya-609416.html,yes
"Export, FMCG & pharma",Pharmaceutical manufacturers and distributors,Premium International Biologics (Pvt) Ltd,Biologics (planned),n/a,see source,"Vial labels, cartons",Requested pharma zone land (Aug 2025),https://www.sundaytimes.lk/250824/business-times/pharma-companies-seek-new-digs-in-hambantota-and-ingiriya-609416.html,yes
"Export, FMCG & pharma",Pharmaceutical manufacturers and distributors,Sunshine Healthcare Lanka Ltd,Pharma manufacturer/distributor,Colombo (verify),sunshineholdings.lk,"Cartons, labels, leaflets, pharmacy retail print","Fully integrated pharma (manufacturing, distribution, retail)",https://www.sunshineholdings.lk/healthcare/pharmaceutical/,verify
"Export, FMCG & pharma",Pharmaceutical manufacturers and distributors,Emerchemie NB (Ceylon) Ltd,Pharma manufacturer,Colombo 10,see source,"Cartons, labels, leaflets",Local manufacturer (Maligawatte); ongoing demand,https://pharmchoices.com/list-of-pharmaceutical-companies-in-sri-lanka-2/,yes
"Export, FMCG & pharma",Pharmaceutical manufacturers and distributors,Interpharm (Pvt) Ltd,Pharma manufacturer,n/a,see source,"Oral liquid labels, cartons, leaflets",Largest liquid oral dosage facility; ongoing demand,https://www.linkedin.com/company/gamma-pharmaceuticals-pvt.-ltd-and-interpharm-pvt.-ltd.,yes
"Export, FMCG & pharma",Pharmaceutical manufacturers and distributors,Gamma Interpharm (Pvt) Ltd,Pharma manufacturer,n/a,see source,"Cartons, labels, leaflets",SLPMA member; markets ex-Parke Davis lines,https://lk.linkedin.com/company/slpma,yes
"Export, FMCG & pharma",Pharmaceutical manufacturers and distributors,Emergen Life Sciences (Pvt) Ltd,Pharma manufacturer,n/a,see source,"Cartons, labels, leaflets",SLPMA member,https://lk.linkedin.com/company/slpma,yes
"Export, FMCG & pharma",Pharmaceutical manufacturers and distributors,Yaden Laboratories,Pharma manufacturer,n/a,see source,"Cartons, labels",SLPMA member,https://lk.linkedin.com/company/slpma,yes
"Export, FMCG & pharma",Pharmaceutical manufacturers and distributors,Slim Pharmaceuticals (Pvt) Ltd,Pharma (manufacturing unverified),n/a,see source,"Cartons, labels",Listed pharma company; verify manufacturing scope,https://pharmchoices.com/list-of-pharmaceutical-companies-in-sri-lanka-2/,verify
"Export, FMCG & pharma",Pharmaceutical manufacturers and distributors,State Pharmaceuticals Corporation (SPC),Pharma procurement / distributor,Colombo,spc.lk,"Tender-based print (labels, leaflets, cartons for suppliers)",Active 2026 global procurement notices; buy-back scheme for local makers,https://www.spc.lk/tender-display.php,yes
"Apparel, industrial & manufacturing",Apparel and garment manufacturers / exporters and local fashion brands,MAS Holdings,Apparel exporter (group),Ratmalana (HQ); plants island-wide,masholdings.com,"Hang tags, woven/printed care labels, poly bags, printed shipping cartons, retail boxes for Amanté","New Hellmann-MAS fashion logistics hub, Kimbulapitiya (announced May 2026)",https://www.ajot.com/news/hellmann-and-mas-holdings-launch-new-fashion-logistics-hub-in-sri-lanka,yes
"Apparel, industrial & manufacturing",Apparel and garment manufacturers / exporters and local fashion brands,Brandix Lanka,Apparel exporter (group),Colombo (HQ); plants incl. Batticaloa,brandix.com,"Hang tags, swing tickets, care labels, poly bags, printed export cartons, barcode labels",Phase-two digital upgrade across plants; ongoing demand (exporter),https://brandix.com/how-brandix-is-building-systems-to-make-fashion-production-speedier-smarter-and-sustainable/,yes
"Apparel, industrial & manufacturing",Apparel and garment manufacturers / exporters and local fashion brands,Hirdaramani Group,Apparel exporter (group),Colombo (HQ); new mill Pannala,hirdaramani.com,"Hang tags, labels, poly bags, shipping cartons; fabric roll labels/cores for new mill","LKR 10 bn ""Mihila Tex"" textile mill at Pannala; Egypt expansion talks Aug 2026",https://www.ft.lk/front-page/Hirdaramani-Group-invests-Rs-10-b-in-new-textile-plant-Mihila-Tex/44-764437,yes
"Apparel, industrial & manufacturing",Apparel and garment manufacturers / exporters and local fashion brands,Omega Line Ltd (Calzedonia group),Lingerie exporter,Sandalankawa,calzedonia.com,"Lingerie hang tags, size stickers, care labels, poly bags, retail-ready cartons","USD 24 m rebuilt 17,000 m2 factory, 3,000+ staff",https://economynext.com/omega-line-in-us24mn-sri-lanka-lingerie-factory-expansion-29168/,yes
"Apparel, industrial & manufacturing",Apparel and garment manufacturers / exporters and local fashion brands,Star Garments Group (Komar),Apparel exporter,Katunayake,star.lk,"Hang tags, labels, poly bags, export cartons, sample/tech-pack printing",8 SL plants + Innovation Center; Komar committed to continued investment,https://www.star.lk/,yes
"Apparel, industrial & manufacturing",Apparel and garment manufacturers / exporters and local fashion brands,Crystal Martin Ceylon (Crystal Group),Apparel exporter,Katunayake EPZ,crystalgroup.com,"Hang tags, care labels, poly bags, printed cartons","Ongoing demand (exporter, BOI zone, SLAEA member)",https://www.srilanka-apparel.com/members/crystal-martin-ceylon-pvt-ltd/,yes
"Apparel, industrial & manufacturing",Apparel and garment manufacturers / exporters and local fashion brands,Jay Jay Mills Lanka,Apparel exporter (kidswear),Colombo (HQ; verify plants),jayjaymills.com,"Kidswear hang tags, labels, poly bags, shipping cartons",Ongoing demand (major US exporter),https://en.wikipedia.org/wiki/Apparel_industry_in_Sri_Lanka,verify
"Apparel, industrial & manufacturing",Apparel and garment manufacturers / exporters and local fashion brands,Emjay International,Apparel exporter,Katunayake (verify),—,"Hang tags, labels, poly bags, cartons",Ongoing demand (SLAEA member 2024),https://www.srilankaapparel.com/wp-content/uploads/2024/01/Sri-Lanka-Apparel-Exporters-Association-Members-List-2024.pdf,verify
"Apparel, industrial & manufacturing",Apparel and garment manufacturers / exporters and local fashion brands,Orit Apparels Lanka,Denim exporter,"Colombo (HQ), 8 plants",orit.lk,"Denim hang tags, leather/printed patches, waist tickets, poly bags, cartons","720,000 pcs/month, USD 80 m+ turnover; ongoing demand",https://www.srilanka-apparel.com/members/orit-apparel-lanka-pvt-ltd/,yes
"Apparel, industrial & manufacturing",Apparel and garment manufacturers / exporters and local fashion brands,InQube Global,Apparel exporter,Colombo,inqube.com,"Hang tags, labels, sustainable poly/paper bags, cartons",Positions as tech/sustainability-led apparel; ongoing demand,https://www.srilankabusiness.com/apparel/,yes
"Apparel, industrial & manufacturing",Apparel and garment manufacturers / exporters and local fashion brands,Norlanka Manufacturing Colombo,Apparel exporter (kidswear),Colombo,norlanka.com,"Kidswear hang tags, labels, poly bags, cartons",Ongoing demand (exporter),https://public.foursource.com/manufacturers/dresses/sri-lanka,yes
"Apparel, industrial & manufacturing",Apparel and garment manufacturers / exporters and local fashion brands,Sumithra Garments,Woven apparel exporter,Wattala,sumithra.lk,"Hang tags, labels, poly bags, export cartons","4 plants, 4,000 staff; ongoing demand",https://lk.linkedin.com/company/sumithra,yes
"Apparel, industrial & manufacturing",Apparel and garment manufacturers / exporters and local fashion brands,Penguin Sportswear,Sportswear/outerwear exporter,Sri Jayawardenepura Kotte,penguinsportswear.com,"Hang tags, labels, poly bags, cartons",5 plants serving UK/EU; ongoing demand,https://lk.linkedin.com/company/penguin-sportswear-pvt-ltd,yes
"Apparel, industrial & manufacturing",Apparel and garment manufacturers / exporters and local fashion brands,Vogue Tex,Apparel exporter,Kosgoda (7 units),voguetex.com,"Hang tags, school-uniform labels, poly bags, cartons","13 m garments/yr, 6,200 staff; ongoing demand",https://voguetex.com/about-us/,yes
"Apparel, industrial & manufacturing",Apparel and garment manufacturers / exporters and local fashion brands,Timex Garments / Timex & Fergasam Group,Apparel exporter,Colombo,timexgarments.com,"Hang tags, labels, poly bags, cartons","10,000+ staff, EU/US fashion; ongoing demand",https://www.sundaytimes.lk/171217/business-times/timex-garments-50-years-on-still-peddling-fortunes-273083.html,yes
"Apparel, industrial & manufacturing",Apparel and garment manufacturers / exporters and local fashion brands,Teejay Lanka PLC,Knit fabric mill,Avissawella (Seethawaka),teejay.com,"Fabric roll labels, core stickers, printed cartons, lab-dip cards",Regional expansion (India mill doubled); ongoing demand,https://www.teejay.com/about-teejay/company-overview,yes
"Apparel, industrial & manufacturing",Apparel and garment manufacturers / exporters and local fashion brands,Ocean Lanka (Teejay subsidiary),Knit fabric mill,Biyagama EPZ,teejay.com,"Roll labels, barcode stickers, printed cartons",40 t/day processing; ongoing demand,https://www.teejay.com/about-teejay/company-overview,yes
"Apparel, industrial & manufacturing",Apparel and garment manufacturers / exporters and local fashion brands,Hayleys Fabric PLC,Knit fabric mill,Narthupana (Neboda),hayleysfabric.com,"Roll labels, cartons, swatch cards, brochures",Largest SL fabric maker after South Asia Textiles acquisition,https://www.hayleysfabric.com/,yes
"Apparel, industrial & manufacturing",Apparel and garment manufacturers / exporters and local fashion brands,South Asia Textiles (Hayleys Fabric),Knit fabric mill,Pugoda,hayleysfabric.com,"Roll labels, cartons, barcode stickers",800 t/month; ongoing demand,https://en.wikipedia.org/wiki/Hayleys_Fabric,yes
"Apparel, industrial & manufacturing",Apparel and garment manufacturers / exporters and local fashion brands,Amanté (MAS brand),Lingerie retail brand,Colombo,amantelingerie.lk,"Retail boxes, hang tags, tissue, carrier bags, POS print",8th boutique opened Cool Planet Mall Colombo 05 (Nov 2025),https://lmd.lk/amante-2/,yes
"Apparel, industrial & manufacturing",Apparel and garment manufacturers / exporters and local fashion brands,LOVI Ceylon,Designer fashion brand,Colombo (Galle Face Hotel),lovisarongs.com,"Premium gift boxes, tags, tissue, lookbooks",Designer sarong/groom-wear brand; seasonal collections,https://www.lovisarongs.com/,yes
"Apparel, industrial & manufacturing",Apparel and garment manufacturers / exporters and local fashion brands,Kelly Felder,Womenswear retail brand,Colombo,kellyfelder.com,"Hang tags, carrier bags, e-commerce mailers, labels","Continuous new arrivals, island-wide delivery",https://kellyfelder.com/collections/new-arrivals,yes
"Apparel, industrial & manufacturing",Apparel and garment manufacturers / exporters and local fashion brands,Thilakawardhana,Fashion retail,Kiribathgoda,thilakawardhana.com,"Carrier bags, hang tags, labels, catalogues, e-com boxes",Runs global online store; ongoing retail,https://thilakawardhana.com/,yes
"Apparel, industrial & manufacturing",Apparel and garment manufacturers / exporters and local fashion brands,Odel,Fashion department store,Colombo,odel.lk,"Carrier bags, hang tags, gift boxes, seasonal POS","Multi-store chain, Luv SL souvenir line",https://growyourclothingbrand.com/blog/clothing-brands-by-country/top-sri-lankan-clothing-brands-you-should-know/,yes
"Apparel, industrial & manufacturing",Apparel and garment manufacturers / exporters and local fashion brands,Cool Planet,Fashion department store chain,Nugegoda / Colombo,coolplanet.lk,"Carrier bags, hang tags, labels, promotional print","Fast-growing chain since 2006, new mall Colombo 05",https://coolplanet.lk/,yes
"Apparel, industrial & manufacturing",Apparel and garment manufacturers / exporters and local fashion brands,Nolimit,Fashion retail chain,Colombo (Dehiwala),nolimit.lk,"Hang tags, carrier bags, labels, seasonal POS",Branches across country; ongoing retail,https://en.wikipedia.org/wiki/Nolimit,yes
"Apparel, industrial & manufacturing",Apparel and garment manufacturers / exporters and local fashion brands,Fashion Bug,Fashion retail chain,Colombo,fashionbug.lk,"Hang tags, carrier bags, labels, catalogues",Chain since 1994; ongoing retail,https://growyourclothingbrand.com/blog/clothing-brands-by-country/top-sri-lankan-clothing-brands-you-should-know/,yes
"Apparel, industrial & manufacturing",Apparel and garment manufacturers / exporters and local fashion brands,"Hameedia (Envoy, Signature)",Menswear brand,Colombo,hameedia.com,"Shirt boxes, tags, labels, carrier bags, brochures",Heritage menswear with sub-brands; ongoing retail,https://www.findit.lk/recommendations/top-10-clothing-brands-in-sri-lanka,yes
"Apparel, industrial & manufacturing",Apparel and garment manufacturers / exporters and local fashion brands,Aviraté,Womenswear brand,Colombo,avirate.com,"Hang tags, carrier bags, labels, lookbooks","Expanding international presence, frequent new collections",https://ensun.io/search/fashion-retail/sri-lanka,yes
"Apparel, industrial & manufacturing",Apparel and garment manufacturers / exporters and local fashion brands,Cotton Collection,Fashion retail brand,Colombo,— (verify site),"Hang tags, carrier bags, labels",Recognised at retail awards; ongoing retail,https://island.lk/blending-comfort-and-fashion/,yes
"Apparel, industrial & manufacturing","Footwear, leather goods, handbags and accessories",DSI Samson Group / D. Samson Industries,Footwear manufacturer-exporter,Colombo (HQ); plants Western/Southern,dsisamson.com,"Shoe boxes, box labels, hang tags, tissue, retail bags","27 m+ pairs/yr, 2,500 staff; leading SL footwear exporter",https://en.wikipedia.org/wiki/DSI_Samson_Group,yes
"Apparel, industrial & manufacturing","Footwear, leather goods, handbags and accessories","Ceylon Leather Products PLC (""DI"")",Leather footwear & goods,Colombo (Mattakkuliya),dishoes.lk,"Shoe boxes, tags, tissue, warranty cards, retail bags",Exporter and domestic brand; ongoing demand,https://www.srilankabusiness.com/pdf/footwear_and_leather_fair_2015/exhibitor-list-footwear-and-leather-fair.pdf,yes
"Apparel, industrial & manufacturing","Footwear, leather goods, handbags and accessories",Bata Sri Lanka,Footwear manufacturer-retailer,Ratmalana,bata.lk,"Shoe boxes, inserts, hang tags, carrier bags, POS print",In SL since 1950; retail chain plus online store,https://www.facebook.com/batalanka/,yes
"Apparel, industrial & manufacturing","Footwear, leather goods, handbags and accessories",Lotus Footwear Enterprises,Sports footwear exporter (Nike supplier),Sri Lanka (site not verified),—,"Shoe boxes, box labels, size stickers, export cartons","1,184 Nike shipments in trade data; ongoing demand",https://www.volza.com/p/nike/manufacturers/manufacturers-in-sri-lanka/,yes
"Apparel, industrial & manufacturing","Footwear, leather goods, handbags and accessories",Ceylon Leather Crafts,Leather wallets & bags,Colombo (verify),ceylonleathercrafts.com,"Rigid boxes, tags, tissue, pouches, care cards",Direct-to-consumer leather brand,https://ceylonleathercrafts.com/,verify
"Apparel, industrial & manufacturing","Footwear, leather goods, handbags and accessories",Helen Kaminski – Sri Lanka artisan workshops,Accessories (raffia/crochet),"Rural workshops, Sri Lanka",helenkaminski.com,"Swing tags, tissue, poly/paper bags, export cartons","6,000+ active SL artisans since 2012; ongoing demand",https://helenkaminski.com/blogs/journal/meet-the-makers-sri-lanka,yes
"Apparel, industrial & manufacturing","Rubber, gloves, tyres, activated carbon, ceramics, porcelain, tableware and handicraft/gift exporters",Dipped Products PLC (Hayleys),Rubber gloves,Weliweriya,dplgroup.com,"Glove inner boxes, dispenser cartons, labels, leaflets","~5% global share, 4 SL plants; ongoing demand",https://en.wikipedia.org/wiki/Dipped_Products,yes
"Apparel, industrial & manufacturing","Rubber, gloves, tyres, activated carbon, ceramics, porcelain, tableware and handicraft/gift exporters",Ansell Lanka,Protective gloves,Biyagama EPZ,ansell.com,"Printed dispenser boxes, labels, safety leaflets",Global PPE leader's SL plant; ongoing demand,https://ensun.io/search/rubber/sri-lanka,yes
"Apparel, industrial & manufacturing","Rubber, gloves, tyres, activated carbon, ceramics, porcelain, tableware and handicraft/gift exporters",Lalan Rubbers,Work gloves,"Colombo (HQ), 9 units",lalangroup.com,"Glove packs, cartons, labels, catalogues",1.3 bn gloves/yr exported; ongoing demand,https://ensun.io/search/rubber/sri-lanka,yes
"Apparel, industrial & manufacturing","Rubber, gloves, tyres, activated carbon, ceramics, porcelain, tableware and handicraft/gift exporters",GRI (Global Rubber Industries),Specialty tyres,Badalgama,gritires.com,"Tyre labels, cartons, brochures, catalogues",World's largest solid excavator tyre maker; ongoing demand,https://ensun.io/search/rubber/sri-lanka,yes
"Apparel, industrial & manufacturing","Rubber, gloves, tyres, activated carbon, ceramics, porcelain, tableware and handicraft/gift exporters",CEAT Kelani International Tyres,Tyres,Kelaniya / Kalutara,ceat.lk,"Tyre labels, tube cartons, brochures, dealer POS","Largest domestic tyre maker, 3 plants",https://en.wikipedia.org/wiki/Kelani_Tyres,yes
"Apparel, industrial & manufacturing","Rubber, gloves, tyres, activated carbon, ceramics, porcelain, tableware and handicraft/gift exporters",Camso Loadstar / Michelin Lanka,Industrial tyres & tracks,Ekala / Midigama,michelin.com,"Tyre labels, cartons, manuals, catalogues","Top SL tyre shipper (63,833 shipments); ongoing demand",https://economynext.com/sri-lankas-loadstar-to-be-part-of-michelin-with-camso-take-over-10858/,yes
"Apparel, industrial & manufacturing","Rubber, gloves, tyres, activated carbon, ceramics, porcelain, tableware and handicraft/gift exporters",Trelleborg Lanka,Industrial/agri tyres,Kelaniya (verify),trelleborg.com,"Labels, cartons, brochures",Second-largest SL tyre shipper; ongoing demand,https://www.volza.com/p/tyre/manufacturers/manufacturers-in-sri-lanka/,verify
"Apparel, industrial & manufacturing","Rubber, gloves, tyres, activated carbon, ceramics, porcelain, tableware and handicraft/gift exporters",Samson Rubber Industries,Bicycle/motorcycle tyres & tubes,Galle (verify),samsonrubber.com,"Tube cartons, tyre labels, catalogues",Exports to 46+ countries; ongoing demand,https://www.volza.com/p/tyre/manufacturers/manufacturers-in-sri-lanka/,verify
"Apparel, industrial & manufacturing","Rubber, gloves, tyres, activated carbon, ceramics, porcelain, tableware and handicraft/gift exporters",Haycarb PLC (Hayleys),Activated carbon,"Colombo (HQ); Madampe, Badalgama",haycarb.com,"Printed bags/sacks, drum labels, SDS leaflets, brochures",New energy-carbon facility; BOI agreement for battery carbons,https://www.haycarb.com/media/haycarb-opens-new-energy-carbon-manufacturing-facility-strengthening-global-supply-in-advanced-energy-carbon-materials/,yes
"Apparel, industrial & manufacturing","Rubber, gloves, tyres, activated carbon, ceramics, porcelain, tableware and handicraft/gift exporters",Jacobi Carbons Lanka,Activated carbon,Kurunegala district (verify),jacobi.net,"Printed sacks, labels, SDS leaflets","Capacity expanded to 9,000 MT; ISO 14001",https://www.jacobi.net/jacobi-carbons-lanka-iso14001/,verify
"Apparel, industrial & manufacturing","Rubber, gloves, tyres, activated carbon, ceramics, porcelain, tableware and handicraft/gift exporters",Dankotuwa Porcelain PLC,Porcelain tableware,Dankotuwa,dankotuwa.com,"Gift boxes, inserts, product labels, catalogues","83% export sales, 25 countries; homeware e-commerce",https://www.dankotuwa.com/,yes
"Apparel, industrial & manufacturing","Rubber, gloves, tyres, activated carbon, ceramics, porcelain, tableware and handicraft/gift exporters",Royal Fernwood Porcelain,Porcelain tableware,Kosgama,ambeonholdings.com,"Cartons, inserts, backstamp labels, catalogues",8.4 m pieces/yr capacity; ongoing demand,https://ambeonholdings.com/porcelain/,yes
"Apparel, industrial & manufacturing","Rubber, gloves, tyres, activated carbon, ceramics, porcelain, tableware and handicraft/gift exporters",Noritake Lanka Porcelain,Porcelain tableware,Matale,noritake.lk,"Export cartons, inserts, labels, brochures",Pioneer SL porcelain exporter; ongoing demand,https://www.srilankabusiness.com/ebooks/industry-capability-report-ceramic-2025.pdf,yes
"Apparel, industrial & manufacturing","Rubber, gloves, tyres, activated carbon, ceramics, porcelain, tableware and handicraft/gift exporters",Midaya Ceramic Company,Ceramic ornaments & tableware,Piliyandala,midaya.com,"Gift boxes, inserts, labels, catalogues",Multi-body ceramics exporter; ongoing demand,https://www.srilankabusiness.com/ebooks/industry-capability-report-ceramic-2025.pdf,yes
"Apparel, industrial & manufacturing","Rubber, gloves, tyres, activated carbon, ceramics, porcelain, tableware and handicraft/gift exporters",Royal Ceramics Lanka (Rocell),Tiles & bathware,Colombo (HQ); Eheliyagoda,rocell.com,"Tile cartons, labels, catalogues, showroom print",New tile plant adding 20% capacity,https://www.dailymirror.lk/business-news/Royal-Ceramics-to-commission-new-tile-making-plant-targeting-price-sensitive-market-segment/273-203346,yes
"Apparel, industrial & manufacturing","Rubber, gloves, tyres, activated carbon, ceramics, porcelain, tableware and handicraft/gift exporters",Lanka Tiles PLC,Floor tiles,Ranala (Jaltara),lankatiles.com,"Tile cartons, labels, catalogues","Ongoing demand (exporter, Rocell group)",https://en.wikipedia.org/wiki/Lanka_Tiles,yes
"Apparel, industrial & manufacturing","Rubber, gloves, tyres, activated carbon, ceramics, porcelain, tableware and handicraft/gift exporters",Lanka Walltiles PLC,Wall tiles,Balangoda / Meepe,lankawalltiles.com,"Tile cartons, labels, catalogues",35+ years exporting; ongoing demand,https://en.wikipedia.org/wiki/Royal_Ceramics,yes
"Apparel, industrial & manufacturing","Rubber, gloves, tyres, activated carbon, ceramics, porcelain, tableware and handicraft/gift exporters",Laksala (Sri Lanka Handicrafts Board),Handicraft & souvenir retail,"Colombo, island-wide",laksala.gov.lk,"Gift boxes, tags, carrier bags, labels",State souvenir chain incl. airport/tourist sites,http://www.laksala.gov.lk/,yes
"Apparel, industrial & manufacturing","Rubber, gloves, tyres, activated carbon, ceramics, porcelain, tableware and handicraft/gift exporters",Barefoot,Handloom & gifts,Colombo,barefootceylon.com,"Tags, tissue, gift boxes, carrier bags",Iconic handloom/gift retailer; tourist demand,https://tuktukrental.com/guide-to-buying-souvenirs-sri-lanka/,yes
"Apparel, industrial & manufacturing","Rubber, gloves, tyres, activated carbon, ceramics, porcelain, tableware and handicraft/gift exporters",Selyn Exporters,"Fair-trade handloom, toys, home decor",Kurunegala,selyn.lk,"Hang tags, toy boxes, cartons, catalogues",Exports to 18+ countries; ongoing demand,https://selyn.lk/pages/selyn-exports-taking-sri-lankan-handloom-to-the-world,yes
"Apparel, industrial & manufacturing","Electronics, cables, hardware/tools, paints, chemicals and agro-inputs",ACL Cables PLC,Electrical cables,Colombo (HQ); Piliyandala,acl.lk,"Drum/coil labels, cartons, catalogues, warranty leaflets",70% market share group; ongoing demand,https://acl.lk/,yes
"Apparel, industrial & manufacturing","Electronics, cables, hardware/tools, paints, chemicals and agro-inputs",Kelani Cables PLC,Electrical cables,Kelaniya,kelanicables.com,"Coil labels, cartons, catalogues","ACL subsidiary, exporter; ongoing demand",https://www.kelanicables.com/,yes
"Apparel, industrial & manufacturing","Electronics, cables, hardware/tools, paints, chemicals and agro-inputs",Sierra Cables PLC,Electrical cables,Kaduwela,sierracables.com,"Coil labels, cartons, catalogues","Third-largest, exports; ongoing demand",https://www.sierracables.com/,yes
"Apparel, industrial & manufacturing","Electronics, cables, hardware/tools, paints, chemicals and agro-inputs",Orel Corporation (Orange Electric),"Switches, lighting, IoT, batteries",Colombo (HQ); Orel Park,orel.com,"Product boxes, labels, manuals, blister cards","Operates in 28+ countries; new LFP battery, IoT lines",https://orange.orel.com/company/,yes
"Apparel, industrial & manufacturing","Electronics, cables, hardware/tools, paints, chemicals and agro-inputs",Macksons Paint Industries (Multilac),Paints & coatings,Colombo (HQ),multilac.lk,"Can labels, shade cards, brochures, cartons",Largest SL paint exporter; ongoing demand,https://macksons.com/company/multilac/,yes
"Apparel, industrial & manufacturing","Electronics, cables, hardware/tools, paints, chemicals and agro-inputs",JAT Holdings PLC,Wood coatings & paints,Thalawathugoda,jatholdings.com,"Labels, shade cards, catalogues, cartons","Wood-coatings leader, listed; ongoing demand",https://en.wikipedia.org/wiki/JAT_Holdings,yes
"Apparel, industrial & manufacturing","Electronics, cables, hardware/tools, paints, chemicals and agro-inputs",Causeway Paints Lanka,Paints,Colombo (HQ),causewaypaints.lk,"Can labels, colour cards, brochures",BOI-approved JV; ongoing demand,https://www.industry.gov.lk/web/wp-content/uploads/2025/07/Paint-sector.pdf,yes
"Apparel, industrial & manufacturing","Electronics, cables, hardware/tools, paints, chemicals and agro-inputs",Nippon Paint Lanka,Paints,Colombo,nipponpaint.lk,"Labels, shade cards, POS print",Major player per Ministry of Industry 2025 report,https://www.industry.gov.lk/web/wp-content/uploads/2025/07/Paint-sector.pdf,yes
"Apparel, industrial & manufacturing","Electronics, cables, hardware/tools, paints, chemicals and agro-inputs",Lankem Ceylon PLC,"Paints, agrochemicals, consumer",Colombo,lankem.lk,"Labels, agrochemical leaflets/SDS, cartons",Chemicals + paints + agro; ongoing demand,https://en.wikipedia.org/wiki/Lankem_Ceylon,yes
"Apparel, industrial & manufacturing","Electronics, cables, hardware/tools, paints, chemicals and agro-inputs",AkzoNobel Paints Lanka (Dulux),Paints,Colombo,dulux.lk,"Labels, colour cards, brochures",Listed among key SL paint makers 2025,https://www.industry.gov.lk/web/wp-content/uploads/2025/07/Paint-sector.pdf,yes
"Apparel, industrial & manufacturing","Electronics, cables, hardware/tools, paints, chemicals and agro-inputs",Asian Paints (Lanka),Paints,Colombo,asianpaints.lk,"Labels, shade cards, POS print",Listed among key SL paint makers 2025,https://www.industry.gov.lk/web/wp-content/uploads/2025/07/Paint-sector.pdf,yes
"Apparel, industrial & manufacturing","Electronics, cables, hardware/tools, paints, chemicals and agro-inputs","CIC Holdings (CIC Agri, CIC Feeds)","Seeds, fertiliser, animal feed",Colombo,cic.lk,"Printed feed sacks, seed packets, labels, leaflets",Feed milling since Nutrena acquisition; ongoing demand,https://www.srilankabusiness.com/food-and-beverages/animal-feed.html,yes
"Apparel, industrial & manufacturing","Electronics, cables, hardware/tools, paints, chemicals and agro-inputs",Hayleys Agriculture Holdings,"Seeds, crop protection, fertiliser",Colombo,hayleysagriculture.com,"Seed packets, agrochemical labels, leaflets, sacks",Market leader in agri inputs; ongoing demand,https://www.hayleysagriculture.com/,yes
"Apparel, industrial & manufacturing","Electronics, cables, hardware/tools, paints, chemicals and agro-inputs",Hayleys Quality Seed Co,F1 flower/vegetable seeds,Colombo (HQ),hayleysqualityseed.com,"Seed packets, labels, catalogues",Pioneer F1 seed exporter; ongoing demand,https://www.hayleysqualityseed.com/about-us/,yes
"Apparel, industrial & manufacturing","Electronics, cables, hardware/tools, paints, chemicals and agro-inputs",A. Baur & Co (Baurs),Fertiliser blending,Colombo,baurs.com,"Printed fertiliser sacks, labels, leaflets",Leading private fertiliser blender; ongoing demand,https://www.baurs.com/fertilizer/,yes
"Apparel, industrial & manufacturing","Electronics, cables, hardware/tools, paints, chemicals and agro-inputs",Gold Coin Feedmills (Lanka),Animal feed,Ekala (Ja-Ela),goldcoin.lk,"Printed feed sacks, labels, dealer leaflets",Milling in SL since 1993; ongoing demand,https://www.srilankabusiness.com/food-and-beverages/animal-feed.html,yes
"Apparel, industrial & manufacturing","Electronics, cables, hardware/tools, paints, chemicals and agro-inputs",Ceylon Grain Elevators / Prima,"Animal feed, poultry",Colombo,cge.lk,"Printed feed sacks, labels, brochures",Prima group feed operations; ongoing demand,https://en.wikipedia.org/wiki/Ceylon_Grain_Elevators,yes
"Apparel, industrial & manufacturing","Electronics, cables, hardware/tools, paints, chemicals and agro-inputs",Bairaha Farms PLC,Poultry & feed,Colombo,bairaha.com,"Feed sacks, product labels, cartons",JV in new Wariyapola feed plant,https://en.wikipedia.org/wiki/Bairaha_Farms,yes
"Apparel, industrial & manufacturing","Electronics, cables, hardware/tools, paints, chemicals and agro-inputs",Crysbro Group,"Animal feed, poultry",Wariyapola / Kurunegala,crysbro.com,"Printed feed sacks, labels, cartons",Rs 1.65 bn largest hi-tech feed plant opened,https://www.ft.lk/business/crysbro-opens-sri-lankas-largest-hi-tech-livestock-feed-plant-in-wariyapola/34-535465,yes
"Apparel, industrial & manufacturing","Electronics, cables, hardware/tools, paints, chemicals and agro-inputs",Tokyo Cement Group,Cement & building products,Trincomalee / Colombo,tokyocement.lk,"Printed cement sacks, labels, brochures",Capacity raised by 1 Mt to 4 Mt/yr,https://www.cemnet.com/News/story/170189/sri-lanka-starts-to-close-production-gap-to-cement-demand.html,yes
"Apparel, industrial & manufacturing","Electronics, cables, hardware/tools, paints, chemicals and agro-inputs",INSEE Cement (Siam City Cement Lanka),Cement,Colombo / Puttalam,inseecement.lk,"Printed sacks, labels, brochures",Co-dominant in 4.45 Mt SL market (2024),https://www.cemnet.com/News/story/170189/sri-lanka-starts-to-close-production-gap-to-cement-demand.html,yes
"Apparel, industrial & manufacturing","Electronics, cables, hardware/tools, paints, chemicals and agro-inputs",Lanwa Sanstha Cement,Cement,Hambantota (Mirijjawila),lanwa.lk,"Printed sacks, labels, dealer print","USD 100 m, 4 Mt/yr plant commissioned",https://www.cemnet.com/global-cement-report/facility/lanwa-sanstha-cement-corp,yes
"Apparel, industrial & manufacturing","Electronics, cables, hardware/tools, paints, chemicals and agro-inputs",Ceylon Steel Corporation (Lanwa),Steel bars & hardware,Athurugiriya (Oruwala),lanwa.lk,"Bundle tags, labels, brochures, safety leaflets",Ongoing demand (major hardware manufacturer),https://en.wikipedia.org/wiki/Ceylon_Steel_Corporation,yes
"Apparel, industrial & manufacturing","Furniture, mattress, homeware and kitchen-appliance brands",Damro (incl. Innovex appliances),Furniture & appliances,Colombo (HQ); Piliyandala,damro.lk,"Shipping cartons, warranty cards, manuals, catalogues",South Asia's largest furniture maker; Innovex appliance line,https://en.wikipedia.org/wiki/Damro,yes
"Apparel, industrial & manufacturing","Furniture, mattress, homeware and kitchen-appliance brands",Richard Pieris & Co (Arpico / Arpitech),"Mattresses, foam, furniture",Colombo,arpicomattress.com,"Mattress bags/labels, warranty cards, brochures, cartons",Arpico NextGen mattress launched 13 Jun 2025; India entry,https://lmd.lk/arpico-19/,yes
"Apparel, industrial & manufacturing","Furniture, mattress, homeware and kitchen-appliance brands",Piyestra,Furniture,Colombo,piyestra.com,"Shipping cartons, labels, catalogues, warranty cards",Major domestic furniture retailer; ongoing demand,https://www.linkedin.com/pulse/house-hold-furniture-market-sri-lanka-chandana-senarathna,yes
"Apparel, industrial & manufacturing","Furniture, mattress, homeware and kitchen-appliance brands",Alpha Industries,Furniture & interiors,Colombo,alpha.lk,"Cartons, catalogues, warranty cards",Entered home-interior sector; 40+ years,https://www.lankapropertyweb.com/property-news/top-furniture-stores-sri-lanka/,yes
"Apparel, industrial & manufacturing","Furniture, mattress, homeware and kitchen-appliance brands",H. Don Carolis & Sons,Furniture,Colombo,doncarolis.lk,"Cartons, catalogues, warranty cards",Oldest SL furniture maker (1860); ongoing demand,https://en.wikipedia.org/wiki/H._Don_Carolis_and_Sons,yes
"Apparel, industrial & manufacturing","Furniture, mattress, homeware and kitchen-appliance brands",A.T. Cooray,Furniture,Moratuwa (verify),—,"Cartons, labels, catalogues",Listed among top domestic furniture brands,https://www.linkedin.com/pulse/house-hold-furniture-market-sri-lanka-chandana-senarathna,verify
"Apparel, industrial & manufacturing","Furniture, mattress, homeware and kitchen-appliance brands",Lionco (unverified),Furniture,Colombo (verify),—,"Cartons, labels, catalogues",Listed among domestic furniture brands,https://www.linkedin.com/pulse/house-hold-furniture-market-sri-lanka-chandana-senarathna,verify
"Apparel, industrial & manufacturing","Furniture, mattress, homeware and kitchen-appliance brands",Ceylon Furniture,Teak furniture,Moratuwa,ceylonfurniture.lk,"Export cartons, labels, catalogues",30+ years; showrooms in 4 towns,https://ceylonfurniture.lk/,yes
"Apparel, industrial & manufacturing","Furniture, mattress, homeware and kitchen-appliance brands",Modern Craft Furniture,Furniture manufacturer-exporter,Moratuwa,moderncraftfurniture.lk,"Export cartons, labels, catalogues",Moratuwa exporter; ongoing demand,https://moderncraftfurniture.lk/,yes
"Apparel, industrial & manufacturing","Furniture, mattress, homeware and kitchen-appliance brands",Singer (Sri Lanka) PLC (Sisil),Appliances & furniture,Colombo (HQ); Piliyandala,singersl.com,"Appliance cartons, manuals, warranty cards, POS",Hayleys-owned; nationwide retail,https://en.wikipedia.org/wiki/Singer_(Sri_Lanka),yes
"Apparel, industrial & manufacturing","Furniture, mattress, homeware and kitchen-appliance brands",Abans PLC,Appliances & electronics,Colombo,abans.lk,"Cartons, manuals, warranty cards, catalogues",Largest appliance retailer; institutional supply,https://en.wikipedia.org/wiki/Abans,yes
"Apparel, industrial & manufacturing","Furniture, mattress, homeware and kitchen-appliance brands",Rocell Bathware (Royal Ceramics),Sanitaryware,Homagama,rocell.com,"Cartons, inserts, labels, catalogues",Ongoing demand (Rocell group expansion),https://en.wikipedia.org/wiki/Royal_Ceramics,yes
"Apparel, industrial & manufacturing","Furniture, mattress, homeware and kitchen-appliance brands",Paradise Road,Design homeware & gifts,Colombo,paradiseroad.lk,"Gift boxes, tags, tissue, carrier bags",Premium homeware/gift retailer; tourist demand,https://www.sheneller.com/blogs/blog/when-in-colombo-top-10-places-to-buy-sri-lankan-souvenirs,yes
"Apparel, industrial & manufacturing","Jewellery, gems and tea/souvenir gift brands",Vogue Jewellers,Jewellery retail,Colombo,voguejewellers.com,"Rigid boxes, pouches, tags, certificates, brochures",Multi-showroom brand since 1962,https://en.wikipedia.org/wiki/Vogue_Jewellers,yes
"Apparel, industrial & manufacturing","Jewellery, gems and tea/souvenir gift brands",Raja Jewellers,Jewellery retail/export,Colombo,rajajewellers.com,"Rigid boxes, pouches, tags, certificates",Ships internationally; award winner,https://www.rajajewellers.com/,yes
"Apparel, industrial & manufacturing","Jewellery, gems and tea/souvenir gift brands",Colombo Jewellery Stores (CJS),Sapphire jewellery,Colombo,cjs.lk,"Premium boxes, certificates, catalogues",Heritage brand since 1922,https://www.cjs.lk/,yes
"Apparel, industrial & manufacturing","Jewellery, gems and tea/souvenir gift brands",Stone 'N' String,Fashion jewellery,Colombo,stonenstring.com,"Boxes, pouches, hang tags, e-com mailers",Sold via Kapruka and stores; ongoing retail,https://www.kapruka.com/online/jewellery/price/stone_n_string,yes
"Apparel, industrial & manufacturing","Jewellery, gems and tea/souvenir gift brands",Mallika Hemachandra Jewellers,Jewellery,Colombo,mallikahemachandra.com,"Rigid boxes, pouches, tags, certificates",Established 1968; design-led brand,https://mallikahemachandra.com/,yes
"Apparel, industrial & manufacturing","Jewellery, gems and tea/souvenir gift brands",Swarnamahal Jewellers,Jewellery retail,Colombo,swarnamahal.lk,"Boxes, pouches, tags, promotional print",Household-name chain,https://www.swarnamahal.lk/,yes
"Apparel, industrial & manufacturing","Jewellery, gems and tea/souvenir gift brands",Sifani Jewellers,Jewellery retail/export,Colombo,sifani.com,"Boxes, pouches, tags, catalogues","30+ shops in SL, Maldives, London",https://www.srilankabusiness.com/exporters-directory/company-profiles/sifani-jewellers-pvt-ltd/,yes
"Apparel, industrial & manufacturing","Jewellery, gems and tea/souvenir gift brands",Zam Gems,Gems & jewellery export,Colombo,zamgems.com,"Gem boxes, certificates, pouches, brochures","Global customer base (Japan, China, US, EU)",https://zamgems.com/,yes
"Apparel, industrial & manufacturing","Jewellery, gems and tea/souvenir gift brands",Wellawatta Nithyakalyani Jewellery,Jewellery retail/export,Colombo,nithyakalyani.com,"Boxes, pouches, tags, certificates","Largest single-store showroom; 35,000 customers",http://www.nithyakalyani.com/,yes
"Apparel, industrial & manufacturing","Jewellery, gems and tea/souvenir gift brands",Chamathka Jewellers,Jewellery retail chain,Colombo,chamathkajewellers.lk,"Boxes, pouches, tags, POS print","21 outlets incl. One Galle Face, CCC",https://www.chamathkajewellers.lk/,yes
"Apparel, industrial & manufacturing","Jewellery, gems and tea/souvenir gift brands",Devi Jewellers,Gold & bridal jewellery,Colombo,devijewellers.lk,"Boxes, pouches, tags, bridal catalogues",Bridal collections; ongoing retail,https://devijewellers.lk/,yes
"Apparel, industrial & manufacturing","Jewellery, gems and tea/souvenir gift brands",Ravi Jewellers,Jewellery retail,Colombo,ravijewellers.lk,"Boxes, pouches, tags",Ongoing retail,https://ravijewellers.lk/,yes
"Apparel, industrial & manufacturing","Jewellery, gems and tea/souvenir gift brands",Dilmah Ceylon Tea,Tea gifts,Peliyagoda,dilmahtea.com,"Gift boxes, tea-bag envelopes, tins/labels, sleeves",Dedicated tea-gift ranges and t-Lounge outlets,https://www.dilmahtea.com/our-products/gift-of-teas,yes
"Apparel, industrial & manufacturing","Jewellery, gems and tea/souvenir gift brands",Basilur Tea,Tea gifts,Colombo,basilurtea.com,"Collectible tins/labels, gift boxes, Tea Book packs",Packaging-led brand since 2006,https://blog.kapruka.com/what-to-buy-sri-lanka-local-gifts/,yes
"Apparel, industrial & manufacturing","Jewellery, gems and tea/souvenir gift brands",Mlesna (Ceylon),Tea gifts,Colombo,mlesnateas.com,"Gift boxes, caddy labels, tea-bag sachets",Retail counter Liberty Plaza; gift ranges,https://blog.kapruka.com/what-to-buy-sri-lanka-local-gifts/,yes
"Apparel, industrial & manufacturing","Jewellery, gems and tea/souvenir gift brands",Zesta (Watawala Tea Ceylon),Tea,Colombo,zesta.lk,"Cartons, sachets, gift packs, labels",Listed among top Ceylon tea brands,https://sg.lakpura.com/pages/ceylon-tea-brands,yes
"Apparel, industrial & manufacturing","Jewellery, gems and tea/souvenir gift brands",Bogawantalawa Tea Estates,Tea,Colombo,bogawantalawa.com,"Gift boxes, tins/labels, sachets",Heritage estate brand since 1869,https://sg.lakpura.com/pages/ceylon-tea-brands,yes
"Apparel, industrial & manufacturing","Jewellery, gems and tea/souvenir gift brands",Halpé Tea,Tea gifts,Ella / Colombo,halpetea.com,"Gift boxes, labels, retail sleeves","Outlets at One Galle Face, BIA airport, Ella",https://bestbrandshq.com/best-sri-lankan-tea-brands/,yes
"Apparel, industrial & manufacturing","Jewellery, gems and tea/souvenir gift brands",Tea Tang,Tea gifts,Colombo,teatang.com,"Gift boxes, tins/labels, sachets",Established gift-tea brand,https://bestbrandshq.com/best-sri-lankan-tea-brands/,yes
"Apparel, industrial & manufacturing","Jewellery, gems and tea/souvenir gift brands",Akbar Brothers,Tea exporter,Colombo,akbar.com,"Tea-bag envelopes, cartons, gift packs, labels",Largest SL tea exporter since 1992,https://www.akbar.com/about/,yes
"Apparel, industrial & manufacturing","Jewellery, gems and tea/souvenir gift brands",George Steuart Teas,Tea exporter,Colombo,georgesteuartteas.com,"Gift tins/labels, cartons, sachets","Oldest business house, expanding",https://samleyteas.lk/blogs/top-tea-exporters-in-sri-lanka.html,yes
"Apparel, industrial & manufacturing","Jewellery, gems and tea/souvenir gift brands",Heladiv (HVA Foods PLC),Tea brand,Colombo,heladiv.com,"Cartons, sachets, gift packs",Listed tea company,https://en.wikipedia.org/wiki/Heladiv,yes
"Apparel, industrial & manufacturing","Jewellery, gems and tea/souvenir gift brands",Empire Teas,Tea exporter,Colombo,empiretea.lk,"Cartons, gift packs, labels",Top-10 exporter by value,https://samleyteas.lk/blogs/top-tea-exporters-in-sri-lanka.html,yes
"Apparel, industrial & manufacturing","Jewellery, gems and tea/souvenir gift brands",Jafferjee Brothers,Tea exporter,Colombo,jafferjee.com,"Cartons, labels, gift packs",Top-10 exporter; 60+ years,https://samleyteas.lk/blogs/top-tea-exporters-in-sri-lanka.html,yes
"Apparel, industrial & manufacturing","Jewellery, gems and tea/souvenir gift brands",Anverally & Sons,Tea exporter,Colombo,anverally.com,"Cartons, labels, sachets",Top-10 exporter; century-old firm,https://samleyteas.lk/blogs/top-tea-exporters-in-sri-lanka.html,yes
"Apparel, industrial & manufacturing","Jewellery, gems and tea/souvenir gift brands",Stassen Exports,Tea exporter,Colombo,stassengroup.com,"Cartons, labels, gift packs",Top-10 exporter by value,https://samleyteas.lk/blogs/top-tea-exporters-in-sri-lanka.html,yes
"Apparel, industrial & manufacturing","Jewellery, gems and tea/souvenir gift brands",Mabroc Teas,Tea exporter,Colombo,mabrocteas.com,"Cartons, sachets, gift packs",Top-10 exporter by value,https://samleyteas.lk/blogs/top-tea-exporters-in-sri-lanka.html,yes
"Apparel, industrial & manufacturing","Jewellery, gems and tea/souvenir gift brands",Uniworld Teas,Tea exporter,Colombo,—,"Cartons, labels, sachets",Top-10 exporter by value,https://samleyteas.lk/blogs/top-tea-exporters-in-sri-lanka.html,yes
"Apparel, industrial & manufacturing","Jewellery, gems and tea/souvenir gift brands",Spa Ceylon,Ayurveda gifts,Colombo,spaceylon.com,"Rigid gift boxes, sleeves, labels, tissue, bags",20+ countries; dedicated gift collections,https://lk.spaceylon.com/collections/gifts,yes
"Apparel, industrial & manufacturing","Jewellery, gems and tea/souvenir gift brands",Siddhalepa,Ayurveda gifts,Mount Lavinia,siddhalepa.com,"Gift boxes, cartons, labels, leaflets",Leading Ayurveda souvenir brand; One Galle Face store,https://tuktukrental.com/guide-to-buying-souvenirs-sri-lanka/,yes
"Apparel, industrial & manufacturing","Jewellery, gems and tea/souvenir gift brands",Luv SL (Odel),Souvenir brand,Colombo,odel.lk,"Tags, gift boxes, carrier bags, labels",Odel's dedicated souvenir line for artisans,https://www.timeout.com/sri-lanka/shopping/gift-shopping,yes
"Services, institutions & tenders","Hotels, resorts, boutique villas, restaurant groups, cafés and bakeries",Cinnamon Hotels & Resorts (John Keells Hotels),Hotel chain,Colombo,cinnamonhotels.com,"Menus, key-card sleeves, in-room collateral, event signage, annual report",Cinnamon Life (City of Dreams) opened Aug 2025; multi-property group,https://en.wikipedia.org/wiki/John_Keells_Hotels,yes
"Services, institutions & tenders","Hotels, resorts, boutique villas, restaurant groups, cafés and bakeries",Jetwing Hotels,Hotel chain,Negombo,jetwinghotels.com,"Menus, brochures, spa/room collateral, wedding stationery",Upgrading properties and adding new villas in 2026,https://www.jetwinghotels.com/,yes
"Services, institutions & tenders","Hotels, resorts, boutique villas, restaurant groups, cafés and bakeries",Aitken Spence Hotels (Heritance),Hotel chain,Colombo,aitkenspencehotels.com,"Menus, brochures, banners, annual report (listed PLC)",Second-largest hotel owner; plans additional hotels,https://en.wikipedia.org/wiki/Aitken_Spence_Hotel_Holdings,yes
"Services, institutions & tenders","Hotels, resorts, boutique villas, restaurant groups, cafés and bakeries",Hayleys Leisure PLC (Amaya Resorts & Spas),Hotel chain,Colombo,hayleys.com/sectors/leisure,"Menus, room collateral, signage, annual report","10-property portfolio of city hotels, resorts, villas",https://www.hayleys.com/sectors/leisure/,yes
"Services, institutions & tenders","Hotels, resorts, boutique villas, restaurant groups, cafés and bakeries",Resplendent Ceylon,Boutique resorts,Colombo,resplendentceylon.com,"Luxury menus, guest journals, tea packaging, brochures",Ahu Bay opened 2023; Wild Coast Tented Lodge; ongoing demand,https://secrettrips.com/six-of-the-best/six-of-the-best-boutique-hotels-in-sri-lanka/,yes
"Services, institutions & tenders","Hotels, resorts, boutique villas, restaurant groups, cafés and bakeries",Teardrop Hotels,Boutique hotels,Colombo / Galle,teardrop-hotels.com,"Menus, welcome cards, brochures, tea-bungalow collateral",9-hotel collection; ongoing demand,https://www.teardrop-hotels.com/hotels/,yes
"Services, institutions & tenders","Hotels, resorts, boutique villas, restaurant groups, cafés and bakeries",Uga Escapes (Uga Resorts),Boutique hotels,Colombo,ugaresorts.com,"Menus, brochures, amenity packaging",Multi-property boutique collection; ongoing demand,https://www.ugaresorts.com/hotels/,yes
"Services, institutions & tenders","Hotels, resorts, boutique villas, restaurant groups, cafés and bakeries",Otherland Galle,Lifestyle hotel,Galle,—,"Full pre-opening set: menus, signage, key-card sleeves, brochures",66-key oceanfront hotel scheduled to open June 2026,https://www.journeyscapes.com/travel-blog/sri-lanka-luxury-travel-2026-villas-resorts-safaris/,yes
"Services, institutions & tenders","Hotels, resorts, boutique villas, restaurant groups, cafés and bakeries",Radisson Blu Resort Galle,Resort,Galle,radissonhotels.com,"New restaurant menus, signage, launch collateral",Yazu by the Beach restaurant opening 2026,https://www.dailymirror.lk/business-news/Yazu-set-to-make-Sri-Lankan-debut-at-Radisson-Blu-Resort-Galle-in-2026/273-334668,yes
"Services, institutions & tenders","Hotels, resorts, boutique villas, restaurant groups, cafés and bakeries",Sheraton Colombo Hotel,City hotel,Colombo,marriott.com,"Menus, banquet collateral, signage",320-room hotel opened 2024; ongoing demand,https://www.hotelierindia.com/operations/the-second-sheraton-opens-in-sri-lanka,yes
"Services, institutions & tenders","Hotels, resorts, boutique villas, restaurant groups, cafés and bakeries",Hyatt Regency / Grand Hyatt Colombo,City hotel,Colombo,hyatt.com,"Pre-opening collateral, signage, menus",First Hyatt-branded hotel in Sri Lanka announced; under development,https://www.journaldespalaces.com/en/pressrelease-38998-hyatt-announces-plans-for-a-hyatt-regency-hotel-in-colombo.html,yes
"Services, institutions & tenders","Hotels, resorts, boutique villas, restaurant groups, cafés and bakeries",Taj Hotels (Taj Samudra; Weligama resort),Hotel chain,Colombo / Weligama,tajhotels.com,"Menus, brochures, pre-opening signage",220-key beachfront resort under construction in Weligama,https://www.journeyscapes.com/travel-blog/sri-lanka-luxury-travel-2026-villas-resorts-safaris/,yes
"Services, institutions & tenders","Hotels, resorts, boutique villas, restaurant groups, cafés and bakeries",Galle Face Hotel,Heritage hotel,Colombo,gallefacehotel.com,"Menus, heritage brochures, event stationery",Ongoing demand,https://en.wikipedia.org/wiki/Galle_Face_Hotel,yes
"Services, institutions & tenders","Hotels, resorts, boutique villas, restaurant groups, cafés and bakeries",Galadari Hotel Colombo,City hotel,Colombo,galadarihotel.lk,"Banquet/AGM collateral, menus, signage","Hosts corporate AGMs (e.g., Commercial Bank AGM 31 Mar 2026)",https://www.marketscreener.com/news/commercial-bank-of-ceylon-annual-report-2025-ce7e5fdedf80f523,yes
"Services, institutions & tenders","Hotels, resorts, boutique villas, restaurant groups, cafés and bakeries",Hilton Colombo,City hotel,Colombo,hilton.com,"Menus, event collateral, signage",Ongoing demand,https://en.wikipedia.org/wiki/Category:Hospitality_companies_of_Sri_Lanka,yes
"Services, institutions & tenders","Hotels, resorts, boutique villas, restaurant groups, cafés and bakeries",Citrus Leisure PLC,Hotel chain,Colombo,citrusleisure.com,"Menus, brochures, annual report",Listed hotel chain; ongoing demand,https://en.wikipedia.org/wiki/Category:Hotel_chains_in_Sri_Lanka,yes
"Services, institutions & tenders","Hotels, resorts, boutique villas, restaurant groups, cafés and bakeries",Ceylon Hotels Corporation PLC,Hotel group,Colombo,—,"Menus, brochures, annual report",Listed hotel group; ongoing demand,https://en.wikipedia.org/wiki/Category:Hospitality_companies_of_Sri_Lanka,yes
"Services, institutions & tenders","Hotels, resorts, boutique villas, restaurant groups, cafés and bakeries",Hunas Falls Hotel,Resort,Kandy,—,"Menus, brochures, signage",Ongoing demand,https://en.wikipedia.org/wiki/Hunas_Falls_Hotel,yes
"Services, institutions & tenders","Hotels, resorts, boutique villas, restaurant groups, cafés and bakeries",Perera & Sons,Bakery chain,Colombo,pereraandsons.com,"Cake boxes, paper bags, takeaway packaging, cups, menus",200 outlets (2024); largest food-service chain in Sri Lanka,https://en.wikipedia.org/wiki/Perera_%26_Sons,yes
"Services, institutions & tenders","Hotels, resorts, boutique villas, restaurant groups, cafés and bakeries",Java Lounge,Café chain,Colombo,javalounge.lk,"Cups, sleeves, cake boxes, menus, loyalty cards",18+ cafés across 9 cities; expanding,https://javalounge.lk/,yes
"Services, institutions & tenders","Hotels, resorts, boutique villas, restaurant groups, cafés and bakeries",Green Cabin,Restaurant / bakery,Colombo,greencabin.lk,"Cake boxes, takeaway packaging, catering menus","Multiple outlets (Kollupitiya, Delkanda, Colombo 02, One Galle Face)",https://www.greencabin.lk/,yes
"Services, institutions & tenders","Hotels, resorts, boutique villas, restaurant groups, cafés and bakeries",Sponge (bakery & catering),Bakery,Colombo,—,"Cake boxes, catering menus, packaging",30+ years; custom cakes and event catering,https://wanderlog.com/place/details/1515367/sponge,yes
"Services, institutions & tenders","Hotels, resorts, boutique villas, restaurant groups, cafés and bakeries",Paan Paan,Artisan bakery,Colombo,paanpaan.com,"Bread bags, boxes, labels, platter packaging",Daily bakes; sells via delivery platforms,https://paanpaan.com/,yes
"Services, institutions & tenders","Hotels, resorts, boutique villas, restaurant groups, cafés and bakeries",BreadTalk Sri Lanka,Bakery chain,Colombo,breadtalk.lk,"Cake boxes, bags, labels",Ongoing demand,https://breadtalk.lk/,yes
"Services, institutions & tenders","Hotels, resorts, boutique villas, restaurant groups, cafés and bakeries",Harpo's Cafés & Restaurants,Restaurant group,Colombo,harposonline.com,"Menus, pizza boxes, takeaway packaging","Multiple concepts (Colombo Fort Café, Shoulders)",https://www.harposonline.com/about.php,yes
"Services, institutions & tenders","Hotels, resorts, boutique villas, restaurant groups, cafés and bakeries",Ministry of Crab / Nihonbashi (Dharshan Munidasa),Restaurant group,Colombo,ministryofcrab.com,"Premium menus, gift packaging, branded collateral",Asia's 50 Best regulars; ongoing demand,https://www.ministryofcrab.com/colombo/,yes
"Services, institutions & tenders","Hotels, resorts, boutique villas, restaurant groups, cafés and bakeries",Café Kumbuk (and Kumbuk Kitchen),Café,Colombo,cafekumbuk.com,"Menus, cups, takeaway boxes",Second concept added; ongoing demand,https://www.cafekumbuk.com/,yes
"Services, institutions & tenders","Hotels, resorts, boutique villas, restaurant groups, cafés and bakeries",Gamma Pizzakraft Lanka (Pizza Hut),QSR chain,Colombo,pizzahut.lk,"Pizza boxes, menus, POS material, outlet signage",120+ outlets; largest restaurant operator,https://lk.linkedin.com/company/gamma-pizzakraft-lanka,yes
"Services, institutions & tenders","Hotels, resorts, boutique villas, restaurant groups, cafés and bakeries",Cargills (Ceylon) PLC (KFC franchise),QSR / retail,Colombo,cargillsceylon.com,"Buckets, boxes, bags, menus, POS, annual report",62 KFC outlets (Apr 2024); expanding,https://www.cargillsceylon.com/restaurants/,yes
"Services, institutions & tenders","Hotels, resorts, boutique villas, restaurant groups, cafés and bakeries",Softlogic Restaurants (Burger King),QSR chain,Colombo,softlogic.lk,"Wraps, bags, cups, menus, outlet signage","20+ outlets islandwide incl. Kandy, Kurunegala",https://www.ft.lk/Dining/burger-king-opens-its-14th-outlet-in-kiribathgoda/39-604047,yes
"Services, institutions & tenders","Hotels, resorts, boutique villas, restaurant groups, cafés and bakeries",The Coffee Bean & Tea Leaf Sri Lanka,Café chain,Colombo,—,"Cups, sleeves, menus",3 Colombo branches; ongoing demand,https://www.halaltrip.com/other/blog/cafes-in-colombo-sri-lanka/,yes
"Services, institutions & tenders","Hotels, resorts, boutique villas, restaurant groups, cafés and bakeries",Hotel Show Colombo 2026 exhibitors (hotel suppliers),Trade show,Colombo,hotelshowcolombo.com,"Exhibitor brochures, stand graphics, banners",Show held 24–26 Jul 2026 at SBMEC; annual,https://www.hotelshowcolombo.com/,yes
"Services, institutions & tenders","Banks, finance companies, insurers, telcos and leasing companies",Bank of Ceylon,State bank,Colombo,boc.lk,"Diaries, notebooks, forms, branch signage, annual report",Tender: printing/supply of BOC diaries & notebooks 2027 (Jul 2026); Badalgama branch May 2026,https://www.tendersontime.com/authority/bank-of-ceylon-tenders-5753/,yes
"Services, institutions & tenders","Banks, finance companies, insurers, telcos and leasing companies",Commercial Bank of Ceylon PLC,Commercial bank,Colombo,combank.lk,"Annual report, AGM packs, forms, branch signage",AR 2025 approved 26 Feb 2026; AGM 31 Mar 2026; Port City branch,https://www.marketscreener.com/news/commercial-bank-of-ceylon-annual-report-2025-ce7e5fdedf80f523,yes
"Services, institutions & tenders","Banks, finance companies, insurers, telcos and leasing companies",Sampath Bank PLC,Commercial bank,Colombo,sampath.lk,"Branch signage, brochures, forms, annual report",Opened first Colombo Port City branch (2026),https://economynext.com/sri-lankas-sampath-bank-opens-first-branch-in-colombo-port-city-274750/,yes
"Services, institutions & tenders","Banks, finance companies, insurers, telcos and leasing companies",People's Bank,State bank,Colombo,peoplesbank.lk,"Forms, passbooks, brochures, signage, annual report",700+ branch network; ongoing demand,https://en.wikipedia.org/wiki/People%27s_Bank_(Sri_Lanka),yes
"Services, institutions & tenders","Banks, finance companies, insurers, telcos and leasing companies",Hatton National Bank PLC,Commercial bank,Colombo,hnb.net,"Annual report, forms, POS material",Annual report season Q1; ongoing demand,https://www.crib.lk/en/about-us/member-institutions,yes
"Services, institutions & tenders","Banks, finance companies, insurers, telcos and leasing companies",NDB Bank PLC,Commercial bank,Colombo,ndbbank.com,"Annual report, brochures, forms",Annual report season; ongoing demand,https://en.wikipedia.org/wiki/NDB_Bank,yes
"Services, institutions & tenders","Banks, finance companies, insurers, telcos and leasing companies",DFCC Bank PLC,Commercial bank,Colombo,dfcc.lk,"Annual report, brochures, branch signage",Annual report season; ongoing demand,https://en.wikipedia.org/wiki/DFCC_Bank,yes
"Services, institutions & tenders","Banks, finance companies, insurers, telcos and leasing companies",Seylan Bank PLC,Commercial bank,Colombo,seylan.lk,"Annual report, forms, branch POS",Annual report season; ongoing demand,https://lankainformation.lk/banks-directory/private-bank-branches-in-sri-lanka/seylan-bank-branches,yes
"Services, institutions & tenders","Banks, finance companies, insurers, telcos and leasing companies",Nations Trust Bank PLC,Commercial bank,Colombo,nationstrust.com,"Annual report, card collateral, brochures",Annual report season; ongoing demand,https://en.wikipedia.org/wiki/List_of_banks_in_Sri_Lanka,yes
"Services, institutions & tenders","Banks, finance companies, insurers, telcos and leasing companies",Pan Asia Banking Corporation PLC,Commercial bank,Colombo,pabcbank.com,"Annual report, forms, branch signage",Annual report season; ongoing demand,https://en.wikipedia.org/wiki/List_of_banks_in_Sri_Lanka,yes
"Services, institutions & tenders","Banks, finance companies, insurers, telcos and leasing companies",Union Bank of Colombo PLC,Commercial bank,Colombo,unionb.com,"Annual report, forms, brochures",Annual report season; ongoing demand,https://en.wikipedia.org/wiki/List_of_banks_in_Sri_Lanka,yes
"Services, institutions & tenders","Banks, finance companies, insurers, telcos and leasing companies",Cargills Bank PLC,Commercial bank,Colombo,cargillsbank.com,"Annual report, forms, in-store POS",Annual report season; ongoing demand,https://en.wikipedia.org/wiki/List_of_banks_in_Sri_Lanka,yes
"Services, institutions & tenders","Banks, finance companies, insurers, telcos and leasing companies",Amana Bank PLC,Commercial bank,Colombo,amanabank.lk,"Annual report, forms, brochures",Annual report season; ongoing demand,https://en.wikipedia.org/wiki/List_of_banks_in_Sri_Lanka,yes
"Services, institutions & tenders","Banks, finance companies, insurers, telcos and leasing companies",HSBC Sri Lanka,Foreign bank,Colombo,hsbc.lk,"Statements, card collateral, brochures",Ongoing demand,https://en.wikipedia.org/wiki/HSBC_Sri_Lanka,yes
"Services, institutions & tenders","Banks, finance companies, insurers, telcos and leasing companies",National Savings Bank,Specialised bank,Colombo,nsb.lk,"Passbooks, forms, annual report, signage",Licensed specialised bank; ongoing demand,https://www.cbsl.gov.lk/en/authorized-financial-institutions/licensed-specialised-banks,yes
"Services, institutions & tenders","Banks, finance companies, insurers, telcos and leasing companies",Sri Lanka Savings Bank,Specialised bank,Colombo,—,"Forms, brochures, annual report",Ongoing demand,https://en.wikipedia.org/wiki/Sri_Lanka_Savings_Bank,yes
"Services, institutions & tenders","Banks, finance companies, insurers, telcos and leasing companies",Central Bank of Sri Lanka,Regulator,Colombo,cbsl.gov.lk,"Annual Economic Review, FSO report, publications",FSO 2025 publication presented 20 Apr 2026; annual cycle,https://www.cbsl.gov.lk/en/news/cbsl-releases-fso-2025,yes
"Services, institutions & tenders","Banks, finance companies, insurers, telcos and leasing companies",LOLC Finance PLC,Finance company,Rajagiriya,lolcfinance.com,"Forms, brochures, branch signage, annual report",Largest NBFI; ongoing demand,https://en.wikipedia.org/wiki/LOLC_Finance,yes
"Services, institutions & tenders","Banks, finance companies, insurers, telcos and leasing companies",People's Leasing & Finance PLC,Finance company,Colombo,plc.lk,"Branch signage, forms, brochures",New Bibile branch opened (2026),https://mawratanews.lk/business/peoples-leasing-finance-plc-now-in-bibile/,yes
"Services, institutions & tenders","Banks, finance companies, insurers, telcos and leasing companies",LB Finance PLC,Finance company,Colombo,lbfinance.com,"Branch signage, forms, brochures, annual report","Branches opened Akurana (18 Aug), Pittipana (1 Sep), Oddamavadi (8 Sep 2026)",https://www.lbfinance.com/,yes
"Services, institutions & tenders","Banks, finance companies, insurers, telcos and leasing companies",HNB Finance PLC,Finance company,Colombo,hnbfinance.lk,"Branch signage, forms, brochures","New Dehiwala branch, 176 Galle Road",https://hnbfinance.lk/?s=,yes
"Services, institutions & tenders","Banks, finance companies, insurers, telcos and leasing companies",Siyapatha Finance PLC,Finance company,Colombo,siyapatha.lk,"Branch signage, forms, brochures",Boralesgamuwa branch opened; network now 63 branches,https://www.lankabusinessnews.com/siyapatha-finance-expands-footprint-with-boralesgamuwa-branch-opening/,yes
"Services, institutions & tenders","Banks, finance companies, insurers, telcos and leasing companies",Central Finance Company PLC,Finance company,Kandy / Colombo,cf.lk,"Annual report, forms, brochures",Ongoing demand,https://cf.lk/,yes
"Services, institutions & tenders","Banks, finance companies, insurers, telcos and leasing companies",Citizens Development Business Finance PLC,Finance company,Colombo,cdb.lk,"Annual report, forms, brochures",Ongoing demand,https://en.wikipedia.org/wiki/List_of_banks_in_Sri_Lanka,yes
"Services, institutions & tenders","Banks, finance companies, insurers, telcos and leasing companies",Commercial Credit & Finance PLC,Finance company,Kandy,commercialcredit.lk,"Annual report, forms, branch signage",Ongoing demand,https://en.wikipedia.org/wiki/List_of_banks_in_Sri_Lanka,yes
"Services, institutions & tenders","Banks, finance companies, insurers, telcos and leasing companies",Vallibel Finance PLC,Finance company,Colombo,vallibelfinance.com,"Annual report, forms, brochures",Ongoing demand,https://en.wikipedia.org/wiki/List_of_banks_in_Sri_Lanka,yes
"Services, institutions & tenders","Banks, finance companies, insurers, telcos and leasing companies",Senkadagala Finance PLC,Finance company,Kandy,senfin.com,"Annual report, forms, brochures",Ongoing demand,https://en.wikipedia.org/wiki/List_of_banks_in_Sri_Lanka,yes
"Services, institutions & tenders","Banks, finance companies, insurers, telcos and leasing companies",Singer Finance (Lanka) PLC,Finance company,Colombo,singerfinance.com,"Forms, hire-purchase leaflets, POS",Ongoing demand,https://en.wikipedia.org/wiki/List_of_banks_in_Sri_Lanka,yes
"Services, institutions & tenders","Banks, finance companies, insurers, telcos and leasing companies",Mercantile Investments & Finance PLC,Finance company,Colombo,mi.com.lk,"Annual report, forms, brochures",Ongoing demand,https://en.wikipedia.org/wiki/List_of_banks_in_Sri_Lanka,yes
"Services, institutions & tenders","Banks, finance companies, insurers, telcos and leasing companies",Softlogic Finance PLC,Finance company,Colombo,softlogicfinance.lk,"Forms, brochures, branch signage",Ongoing demand,https://ensun.io/search/finance/sri-lanka,yes
"Services, institutions & tenders","Banks, finance companies, insurers, telcos and leasing companies",Dialog Finance PLC,Finance company,Colombo,dialogfinance.lk,"Forms, brochures, statements",Ongoing demand,https://en.wikipedia.org/wiki/List_of_banks_in_Sri_Lanka,yes
"Services, institutions & tenders","Banks, finance companies, insurers, telcos and leasing companies",Richard Pieris Finance,Finance company,Colombo,—,"Forms, brochures, branch signage",Ongoing demand,https://en.wikipedia.org/wiki/List_of_banks_in_Sri_Lanka,yes
"Services, institutions & tenders","Banks, finance companies, insurers, telcos and leasing companies",Sarvodaya Development Finance PLC,Finance company,Colombo,sdf.lk,"Forms, brochures, annual report",Ongoing demand,https://en.wikipedia.org/wiki/Sarvodaya_Development_Finance,yes
"Services, institutions & tenders","Banks, finance companies, insurers, telcos and leasing companies",Sri Lanka Insurance Corporation (Life & General),Insurer,Colombo,srilankainsurance.com,"Policy documents, forms, branch signage, campaign POS",142 branches; 2026 operations launched 1 Jan; islandwide branch-town activation 2026,https://www.ft.lk/financial-services/Sri-Lanka-Insurance-Corp-General-inaugurates-business-operations-for-2026/42-786407,yes
"Services, institutions & tenders","Banks, finance companies, insurers, telcos and leasing companies",Ceylinco Insurance (Life & General),Insurer,Colombo,ceylinco.com,"Policy packs, brochures, annual report, signage",Largest insurer by revenue (2026 ranking),https://www.zoominfo.com/top-lists/top-insurance-companies-in-LK,yes
"Services, institutions & tenders","Banks, finance companies, insurers, telcos and leasing companies",Allianz Insurance Lanka,Insurer,Colombo,allianz.lk,"Policy documents, brochures, forms",Second-largest by revenue (2026 ranking),https://www.zoominfo.com/top-lists/top-insurance-companies-in-LK,yes
"Services, institutions & tenders","Banks, finance companies, insurers, telcos and leasing companies",Union Assurance PLC,Life insurer,Colombo,unionassurance.com,"Policy packs, bancassurance leaflets, annual report",Ongoing demand,https://en.wikipedia.org/wiki/Union_Assurance,yes
"Services, institutions & tenders","Banks, finance companies, insurers, telcos and leasing companies",Janashakthi Insurance PLC,Life insurer,Colombo,janashakthi.com,"Policy packs, brochures, annual report",Ongoing demand,https://en.wikipedia.org/wiki/Janashakthi_Insurance,yes
"Services, institutions & tenders","Banks, finance companies, insurers, telcos and leasing companies",Softlogic Life Insurance PLC,Life insurer,Colombo,softlogiclife.lk,"Policy packs, brochures, annual report",Ongoing demand,https://ensun.io/search/life-insurance/sri-lanka,yes
"Services, institutions & tenders","Banks, finance companies, insurers, telcos and leasing companies",AIA Insurance Lanka,Life insurer,Colombo,aialife.com.lk,"Policy packs, brochures, agent kits",Ongoing demand,https://ensun.io/search/life-insurance/sri-lanka,yes
"Services, institutions & tenders","Banks, finance companies, insurers, telcos and leasing companies",HNB Assurance PLC,Insurer,Colombo,hnbassurance.com,"Policy packs, brochures, annual report",Ongoing demand,https://ensun.io/search/life-insurance/sri-lanka,yes
"Services, institutions & tenders","Banks, finance companies, insurers, telcos and leasing companies",Fairfirst Insurance,General insurer,Colombo,fairfirst.lk,"Policy documents, brochures, POS",Ongoing demand,https://www.lankayp.com/category/Insurance_companies,yes
"Services, institutions & tenders","Banks, finance companies, insurers, telcos and leasing companies",LOLC Life Assurance,Life insurer,Rajagiriya,lolclife.com,"Branch signage, policy packs, brochures",New branches Mathugama & Beruwala opened May 2026,https://dailynews.lk/2026/05/18/business/996271/lolc-life-assurance-expands-branch-network-to-strengthen-customer-accessibility/,yes
"Services, institutions & tenders","Banks, finance companies, insurers, telcos and leasing companies",Orient Insurance Ltd,General insurer,Colombo,orientinsurance.lk,"Branch signage, policy packs, brochures",Deniyaya branch opened 10 Jun 2026,https://www.linkedin.com/posts/orient-insurance-sri-lanka_deniyayabranch-thinkinsurancethinkorient-activity-7477791260385349632-sdGn,yes
"Services, institutions & tenders","Banks, finance companies, insurers, telcos and leasing companies",Dialog Axiata PLC,Telco,Colombo,dialog.lk,"SIM packs, retail POS, bills, annual report",2025 revenue LKR 179.6bn; Airtel Lanka integration; 5G rollout,https://en.wikipedia.org/wiki/Dialog_Axiata,yes
"Services, institutions & tenders","Banks, finance companies, insurers, telcos and leasing companies",Sri Lanka Telecom PLC (SLT-Mobitel),Telco,Colombo,slt.lk,"Annual report, bills, SIM packs, outlet signage",Annual Report 2025 published June 2026,https://www.slt.lk/en/news/slt-group-reports-strong-fy-2025-performance-driven-cost-savings-and-efficiency,yes
"Services, institutions & tenders","Banks, finance companies, insurers, telcos and leasing companies",Hutchison Telecommunications Lanka (Hutch),Telco,Colombo,hutch.lk,"SIM packs, retail POS, outlet signage",Ongoing demand; One Galle Face experience centre,https://en.wikipedia.org/wiki/Hutch_(Sri_Lanka),yes
"Services, institutions & tenders","Private schools, international schools, universities, tuition institutes, professional bodies",Colombo International School,International school,Colombo / Kandy,cis.lk,"Prospectuses, certificates, exam papers, yearbooks, ID cards","~1,900 students Colombo, 700 Kandy; annual admissions",https://www.cis.lk/admissions,yes
"Services, institutions & tenders","Private schools, international schools, universities, tuition institutes, professional bodies",Elizabeth Moir School,International school,Colombo,—,"Prospectuses, certificates, yearbooks",~520 students; ongoing demand,https://en.wikipedia.org/wiki/Elizabeth_Moir_School,yes
"Services, institutions & tenders","Private schools, international schools, universities, tuition institutes, professional bodies",Gateway College,School network,Colombo + branches,gatewaycollege.lk,"Prospectuses, exercise books, certificates, ID cards",Multi-branch network; annual intake,https://gatewaycollege.lk/,yes
"Services, institutions & tenders","Private schools, international schools, universities, tuition institutes, professional bodies",Lyceum International School,School network,Nugegoda,lyceum.lk,"Exercise books, prospectuses, certificates, yearbooks",10 branches islandwide; largest network,https://www.lyceum.lk/,yes
"Services, institutions & tenders","Private schools, international schools, universities, tuition institutes, professional bodies",Royal Institute International School,International school,Colombo,—,"Prospectuses, certificates, exam papers",Ongoing demand,https://en.wikipedia.org/wiki/Royal_Institute_International_School,yes
"Services, institutions & tenders","Private schools, international schools, universities, tuition institutes, professional bodies",The British School in Colombo,International school,Colombo,britishschool.lk,"Prospectuses, certificates, yearbooks",Ongoing demand,https://en.wikipedia.org/wiki/British_School_in_Colombo,yes
"Services, institutions & tenders","Private schools, international schools, universities, tuition institutes, professional bodies",Asian International School,International school,Colombo,ais.lk,"Prospectuses, certificates, ID cards",Ongoing demand,https://ais.lk/,yes
"Services, institutions & tenders","Private schools, international schools, universities, tuition institutes, professional bodies",École Internationale Kandy,International school,Kandy,—,"Prospectuses, certificates, exam papers",First international school in Central Province; ongoing,https://en.wikipedia.org/wiki/%C3%89cole_internationale_Kandy,yes
"Services, institutions & tenders","Private schools, international schools, universities, tuition institutes, professional bodies",Musaeus College,Private girls' school,Colombo,—,"Prize-giving programmes, certificates, magazines",unverified this session,—,verify
"Services, institutions & tenders","Private schools, international schools, universities, tuition institutes, professional bodies",University of West London (Sri Lanka campus),University branch campus,Colombo,—,"Launch collateral, prospectuses, certificates, signage",First full UK branch campus launched June 2026,https://www.lankanewspapers.com/2026/06/23/university-of-west-london-launches-sri-lanka-s-first-full-british-university-branch-campus,yes
"Services, institutions & tenders","Private schools, international schools, universities, tuition institutes, professional bodies",SLIIT,Private university,Malabe,sliit.lk,"Prospectuses, convocation certificates, banners",75+ degrees; annual intakes and convocations,https://en.wikipedia.org/wiki/Sri_Lanka_Institute_of_Information_Technology,yes
"Services, institutions & tenders","Private schools, international schools, universities, tuition institutes, professional bodies",NSBM Green University,Private university,Homagama,nsbm.ac.lk,"Prospectuses, certificates, campus signage",UGC-recognised; annual intakes,https://en.wikipedia.org/wiki/National_School_of_Business_Management,yes
"Services, institutions & tenders","Private schools, international schools, universities, tuition institutes, professional bodies",CINEC Campus,Private university,Malabe,cinec.edu,"Prospectuses, certificates, signage",UGC degree-awarding institute,https://www.teachme.lk/blog/private-universities-in-sri-lanka-fees-recognition-and-best-courses-in-2025,yes
"Services, institutions & tenders","Private schools, international schools, universities, tuition institutes, professional bodies",Horizon Campus,Private university,Malabe,horizoncampus.edu.lk,"Prospectuses, certificates, banners",UGC-recognised since 2014,https://www.teachme.lk/blog/private-universities-in-sri-lanka-fees-recognition-and-best-courses-in-2025,yes
"Services, institutions & tenders","Private schools, international schools, universities, tuition institutes, professional bodies",NIBM,Higher-education institute,Colombo,nibm.lk,"Prospectuses, certificates, course brochures",UGC degree-awarding status,https://www.teachme.lk/blog/private-universities-in-sri-lanka-fees-recognition-and-best-courses-in-2025,yes
"Services, institutions & tenders","Private schools, international schools, universities, tuition institutes, professional bodies",SLTC Research University,Private university,Padukka,sltc.ac.lk,"Prospectuses, certificates, signage",Ongoing demand,https://en.wikipedia.org/wiki/SLTC_Research_University,yes
"Services, institutions & tenders","Private schools, international schools, universities, tuition institutes, professional bodies",Informatics Institute of Technology (IIT),Higher-education institute,Colombo,iit.ac.lk,"Prospectuses, certificates, event banners",Ongoing demand,https://www.findit.lk/recommendations/best-private-universities-in-sri-lanka,yes
"Services, institutions & tenders","Private schools, international schools, universities, tuition institutes, professional bodies",ESOFT Metro Campus,Education chain,Colombo,esoft.lk,"Prospectuses, course leaflets, certificates, branch signage",40 branches nationwide,https://en.wikipedia.org/wiki/ESOFT_Metro_Campus,yes
"Services, institutions & tenders","Private schools, international schools, universities, tuition institutes, professional bodies",ICBT Campus,Education chain,Colombo,icbt.lk,"Prospectuses, certificates, branch signage","8 campuses (Kandy, Galle, Jaffna, etc.)",https://en.wikipedia.org/wiki/ICBT_Campus,yes
"Services, institutions & tenders","Private schools, international schools, universities, tuition institutes, professional bodies",Wisdom Business Academy,Professional education,Colombo,wba.lk,"Course brochures, study packs, certificates",CIMA September 2026 intake,https://wba.lk/,yes
"Services, institutions & tenders","Private schools, international schools, universities, tuition institutes, professional bodies",CA Sri Lanka,Professional body,Colombo,casrilanka.com,"Exam papers, certificates, journals, annual report",Recognised audit supervisory body; exam cycles,https://casrilanka.com/casl/index.php?option=com_content&view=article&id=3049&Itemid=534&lang=en,yes
"Services, institutions & tenders","Private schools, international schools, universities, tuition institutes, professional bodies","Institution of Engineers, Sri Lanka (IESL)",Professional body,Colombo,iesl.lk,"Certificates, journals, awards material","25,000+ members; 2026 awards programme",https://iesl.lk/,yes
"Services, institutions & tenders","Private schools, international schools, universities, tuition institutes, professional bodies",AAT Sri Lanka,Professional body,Colombo,aatsl.lk,"Exam papers, certificates, study texts",Accredited education-centre network (2025 list),https://www.aatsl.lk/images/pdf/accredited-education-centres-2025.pdf,yes
"Services, institutions & tenders","Private schools, international schools, universities, tuition institutes, professional bodies",Sri Lanka Institute of Marketing (SLIM),Professional body,Colombo,slim.lk,"Awards collateral, certificates, brochures",Runs Effie Awards Sri Lanka (gala 3 Mar 2026),https://effie.org/events/2026-effie-sri-lanka-gala/,yes
"Services, institutions & tenders","Private schools, international schools, universities, tuition institutes, professional bodies",Sipsara Higher Education Institute,Tuition institute,Piliyandala,—,"Tutorials, exam papers, banners",Ongoing demand,https://studentlanka.com/2012/08/28/tuition-centers/,yes
"Services, institutions & tenders","Private schools, international schools, universities, tuition institutes, professional bodies",Sakya Academy of Higher Education,Tuition institute,Kiribathgoda,—,"Tutorials, exam papers, banners",Multiple branches; ongoing demand,https://studentlanka.com/2012/08/28/tuition-centers/,yes
"Services, institutions & tenders","Hospitals, private healthcare chains, labs, clinics",Asiri Health (Asiri Hospital Holdings PLC),Hospital chain,Colombo,asirihealth.com,"Forms, report covers, patient leaflets, signage, annual report",Asiri Port City Hospital launching soon; six hospitals,https://asirihealth.com/,yes
"Services, institutions & tenders","Hospitals, private healthcare chains, labs, clinics",Nawaloka Hospitals PLC,Hospital chain,Colombo,nawaloka.com,"Forms, prescription pads, signage, annual report",10 medical-centre network islandwide,https://en.wikipedia.org/wiki/Nawaloka_Hospital,yes
"Services, institutions & tenders","Hospitals, private healthcare chains, labs, clinics",Durdans Hospital (Ceylon Hospitals PLC),Hospital + lab chain,Colombo,durdans.com,"Lab report covers, forms, leaflets, collection-centre signage",100+ lab/collection locations,https://www.durdans.com/lab-network/,yes
"Services, institutions & tenders","Hospitals, private healthcare chains, labs, clinics",Hemas Hospitals,Hospital + lab chain,Wattala / Thalawathugoda,hemashospitals.com,"Lab forms, report covers, leaflets, signage",Largest diagnostic lab chain,https://hemashospitals.com/,yes
"Services, institutions & tenders","Hospitals, private healthcare chains, labs, clinics",Lanka Hospitals PLC,Hospital,Colombo,lankahospitals.com,"Forms, patient leaflets, signage, annual report",20+ specialty centres; medical tourism,https://www.lankahospitals.com/,yes
"Services, institutions & tenders","Hospitals, private healthcare chains, labs, clinics",Ninewells Hospital,Specialist hospital,Colombo,ninewellshospital.lk,"Forms, patient booklets, signage",Only dedicated women & child private hospital,https://www.ninewellshospital.lk/,yes
"Services, institutions & tenders","Hospitals, private healthcare chains, labs, clinics",Neville Fernando Teaching Hospital,Hospital,Malabe,—,"Forms, report covers, signage",Among top-5 private bed capacity,https://en.wikipedia.org/wiki/Neville_Fernando_Teaching_Hospital,yes
"Services, institutions & tenders","Hospitals, private healthcare chains, labs, clinics",Kings Hospital Colombo,Hospital,Colombo,—,"Forms, leaflets, signage",unverified this session,—,verify
"Services, institutions & tenders","Hospitals, private healthcare chains, labs, clinics",Health Promotion Bureau (Ministry of Health),Health communication,Colombo,hpb.health.gov.lk,"IEC leaflets, posters, booklets",National IEC producer; recurring campaigns,https://hpb.health.gov.lk/,yes
"Services, institutions & tenders","Hospitals, private healthcare chains, labs, clinics",Family Health Bureau,Health programme,Colombo,fhb.health.gov.lk,"Child health records, forms, IEC leaflets",Ongoing programme material,https://fhb.health.gov.lk/,yes
"Services, institutions & tenders","Hospitals, private healthcare chains, labs, clinics",Ministry of Health Sri Lanka,Ministry,Colombo,health.gov.lk,"Forms, registers, IEC material, reports",Publishes tenders on official procurement page,https://www.health.gov.lk/si/tenders-procuments/,yes
"Services, institutions & tenders","Hospitals, private healthcare chains, labs, clinics",WHO Sri Lanka country office,UN health agency,Colombo,who.int/srilanka,"Reports, IEC material, event collateral",Ongoing demand,https://www.who.int/srilanka/about-us,yes
"Services, institutions & tenders","Hospitals, private healthcare chains, labs, clinics",Medicare 2026 (Aitken Spence Conventions) exhibitors,Healthcare trade show,Colombo,—,"Exhibitor brochures, stand graphics","Medicare healthcare exhibition, March 2026",https://10times.com/medicare-expo-srilanka,yes
"Services, institutions & tenders","Real estate developers, construction companies, architects",Prime Group (Prime Residencies),Developer,Colombo,primeresidencies.lk,"Project brochures, hoardings, site signage, sales kits",47+ completed projects; active launches,https://www.primeresidencies.lk/,yes
"Services, institutions & tenders","Real estate developers, construction companies, architects",John Keells Properties (TRI-ZEN),Developer,Colombo,johnkeellsproperties.com,"Project brochures, hoardings, showroom graphics",TRI-ZEN three-tower project at Union Place,https://www.trizen.lk/,yes
"Services, institutions & tenders","Real estate developers, construction companies, architects",Blue Ocean Group,Developer,Colombo,blueoceangroup.lk,"Project brochures, hoardings, site signage",Havelock Place and multiple condo projects,https://blueoceangroup.lk/apartments-for-sale/,yes
"Services, institutions & tenders","Real estate developers, construction companies, architects",Overseas Realty (Ceylon) PLC / Havelock City,Developer,Colombo,—,"Brochures, hoardings, annual report",Largest listed real-estate company; Havelock City phases,https://en.wikipedia.org/wiki/Overseas_Realty,yes
"Services, institutions & tenders","Real estate developers, construction companies, architects",Altair,Developer,Colombo,altair.lk,"Luxury brochures, hoardings, owner packs",Tallest residential towers; ongoing sales,https://www.altair.lk/,yes
"Services, institutions & tenders","Real estate developers, construction companies, architects",Sanken Construction (Capitol TwinPeaks),Contractor / developer,Colombo,—,"Hoardings, site signage, project brochures",Built 7th Sense; Capitol TwinPeaks,https://en.wikipedia.org/wiki/Capitol_TwinPeaks,yes
"Services, institutions & tenders","Real estate developers, construction companies, architects",Access Engineering PLC,Contractor / developer,Colombo,accessengsl.com,"Annual report, hoardings, site signage",Listed; real-estate arm,https://en.wikipedia.org/wiki/Access_Engineering,yes
"Services, institutions & tenders","Real estate developers, construction companies, architects",Maga Engineering,Contractor,Colombo,maga.lk,"Site signage, hoardings, corporate brochures",Grand Hyatt Colombo contractor; CS2 grade,https://www.maga.lk/,yes
"Services, institutions & tenders","Real estate developers, construction companies, architects",Nawaloka Construction Company,Contractor,Colombo,—,"Site signage, safety signage, brochures",CIDA CS2/C1 contractor; high-rise projects,https://www.crystalconstruction.lk/7-popular-construction-companies-in-2023/,yes
"Services, institutions & tenders","Real estate developers, construction companies, architects",Tudawe Brothers,Contractor,Colombo,—,"Site signage, brochures",Ongoing demand,https://www.crystalconstruction.lk/7-popular-construction-companies-in-2023/,yes
"Services, institutions & tenders","Real estate developers, construction companies, architects",International Construction Consortium (ICC),Contractor,Colombo,—,"Site signage, brochures",Ongoing demand,https://www.crystalconstruction.lk/7-popular-construction-companies-in-2023/,yes
"Services, institutions & tenders","Real estate developers, construction companies, architects",Urban Development Authority,State developer,Colombo,uda.gov.lk,"Project brochures, hoardings, launch signage","Launched 1,000-unit Port View Residencies, 15 Sep 2026",https://www.newswire.lk/2026/09/15/govt-launches-1000-unit-port-view-residencies-housing-complex-in-colombo/,yes
"Services, institutions & tenders","Real estate developers, construction companies, architects",Civil & Structural Engineering Consultants (CSEC),Engineering consultant,Colombo,csec.lk,"Corporate brochures, project reports",Grand Hyatt consultant; ongoing,https://csec.lk/project-grand-hyatt/,yes
"Services, institutions & tenders","Real estate developers, construction companies, architects",Manoj Champika Chartered Architects,Architecture practice,Colombo,architecturecolombo.lk,"Portfolio books, presentation boards",Ongoing demand,https://www.architecturecolombo.lk/,yes
"Services, institutions & tenders","Real estate developers, construction companies, architects",Fairway Holdings,Developer,Colombo,—,"Project brochures, hoardings",unverified this session,—,verify
"Services, institutions & tenders","Real estate developers, construction companies, architects",Home Lands Skyline,Developer,Colombo,—,"Project brochures, hoardings",unverified this session,—,verify
"Services, institutions & tenders","Advertising agencies, event companies, PR firms, exhibition organisers, wedding planners",Phoenix Ogilvy,Ad agency,Colombo,ogilvy.lk,"Client POS, brochures, packaging mock-ups, event collateral",2025 Sri Lanka Agency of the Year,https://island.lk/phoenix-ogilvy-dominates-sri-lankas-creative-rankings-2/,yes
"Services, institutions & tenders","Advertising agencies, event companies, PR firms, exhibition organisers, wedding planners",BBDO Sri Lanka (formerly MullenLowe),Ad agency,Colombo,srilanka.mullenlowe.com,Client campaigns; own rebrand stationery,Rebranded to BBDO Sept 2026; Effie Agency of the Year 2025; 111 brands,https://www.lankabusinessonline.com/2026/09/14/mullenlowe-group-sri-lanka-becomes-bbdo-sri-lanka/,yes
"Services, institutions & tenders","Advertising agencies, event companies, PR firms, exhibition organisers, wedding planners",Leo Burnett Sri Lanka (Publicis Groupe),Ad agency,Colombo,publicisgroupesrilanka.com,"Client POS, brochures, packaging",Ongoing client demand,https://publicisgroupesrilanka.com/leo-burnett/,yes
"Services, institutions & tenders","Advertising agencies, event companies, PR firms, exhibition organisers, wedding planners",Triad,Ad agency,Colombo,—,"Client POS, brochures, outdoor",Ranked top-3 creative agency,https://campaignbriefasia.com/2020/10/06/campaign-brief-asia-2020-sri-lanka-creative-rankings-leo-burnett-takes-out-creative-agency-of-the-year-award-with-tbwa-and-triad-ranked-2-and-3/,yes
"Services, institutions & tenders","Advertising agencies, event companies, PR firms, exhibition organisers, wedding planners",Dentsu Grant Group,Ad agency,Colombo,—,"Client POS, brochures, outdoor",Leading communications group,https://inboundhype.com/blog/top-marketing-and-advertising-agencies-in-sri-lanka/,yes
"Services, institutions & tenders","Advertising agencies, event companies, PR firms, exhibition organisers, wedding planners",TBWA Sri Lanka,Ad agency,Colombo,tbwasrilanka.com,"Client POS, brochures, event material",Ongoing client demand,https://www.tbwasrilanka.com/,yes
"Services, institutions & tenders","Advertising agencies, event companies, PR firms, exhibition organisers, wedding planners",Sarva Integrated,Ad agency,Colombo,—,"Client POS, brochures",Active in awards; ongoing,https://shots.net/news/view/epica-awards-sri-lanka-2020-winners-announced,yes
"Services, institutions & tenders","Advertising agencies, event companies, PR firms, exhibition organisers, wedding planners",Bates Strategic Alliance,Ad agency,Colombo,—,"Client POS, brochures",Ongoing client demand,https://inboundhype.com/blog/top-marketing-and-advertising-agencies-in-sri-lanka/,yes
"Services, institutions & tenders","Advertising agencies, event companies, PR firms, exhibition organisers, wedding planners",Wunderman Thompson / JWT Sri Lanka,Ad agency,Colombo,—,"Client POS, brochures",Ongoing client demand,https://inboundhype.com/blog/top-marketing-and-advertising-agencies-in-sri-lanka/,yes
"Services, institutions & tenders","Advertising agencies, event companies, PR firms, exhibition organisers, wedding planners",MSL Sri Lanka (Publicis PR),PR agency,Colombo,—,"Press kits, event collateral",Ongoing client demand,https://en.wikipedia.org/wiki/MSLGROUP,yes
"Services, institutions & tenders","Advertising agencies, event companies, PR firms, exhibition organisers, wedding planners",Adfactors PR Sri Lanka,PR agency,Colombo,adfactorspr.com,"Press kits, reports, event collateral",Office since 2014; ongoing,https://www.adfactorspr.com/locations/srilanka,yes
"Services, institutions & tenders","Advertising agencies, event companies, PR firms, exhibition organisers, wedding planners",Channel V Media,PR agency,Colombo,—,"Press kits, corporate brochures",Ongoing client demand,https://techbehemoths.com/companies/pr/sri-lanka,yes
"Services, institutions & tenders","Advertising agencies, event companies, PR firms, exhibition organisers, wedding planners",Fyre Agency,PR / branding,Colombo,—,"Brand collateral, stationery",Ongoing client demand,https://clutch.co/lk/pr-firms,yes
"Services, institutions & tenders","Advertising agencies, event companies, PR firms, exhibition organisers, wedding planners",Prime One Global,PR / digital,Colombo,—,Brand collateral,Ongoing client demand,https://clutch.co/lk/pr-firms,yes
"Services, institutions & tenders","Advertising agencies, event companies, PR firms, exhibition organisers, wedding planners",Sapphire Island (Pvt) Ltd,Branding agency,Colombo,—,"Brand collateral, packaging",Ongoing client demand,https://clutch.co/lk/pr-firms,yes
"Services, institutions & tenders","Advertising agencies, event companies, PR firms, exhibition organisers, wedding planners",Antyra Solutions,Digital / creative agency,Colombo,antyrasolutions.com,"Packaging design, brand identity print",Offers packaging design; hospitality & finance clients,https://www.antyrasolutions.com/,yes
"Services, institutions & tenders","Advertising agencies, event companies, PR firms, exhibition organisers, wedding planners",Colombo Conferences,Event / MICE,Colombo,colomboconferences.com,"Conference kits, badges, banners, stall graphics",MICE and exhibition-stall specialist since 2015,https://www.colomboconferences.com/,yes
"Services, institutions & tenders","Advertising agencies, event companies, PR firms, exhibition organisers, wedding planners",CDC Events & Travels,Exhibition organiser,Colombo,lankapak.com,"Show guides, banners, exhibitor kits",Lankapak 23–25 Oct 2026; Profood Propack 21–23 Aug 2026,https://lankapak.com/,yes
"Services, institutions & tenders","Advertising agencies, event companies, PR firms, exhibition organisers, wedding planners",Aitken Spence Conventions & Exhibitions,Exhibition organiser,Colombo,—,"Show guides, signage, badges","Medicare 2026 (March, BMICH)",https://10times.com/medicare-expo-srilanka,yes
"Services, institutions & tenders","Advertising agencies, event companies, PR firms, exhibition organisers, wedding planners",Lanka Exhibition & Conference Services,Exhibition organiser,Colombo,—,"Show guides, banners, stall graphics",Ongoing trade-show calendar,https://www.tradeindia.com/tradeshows/organizer-10943900/lanka-exhibition-conference-services-pvt-limited.html,yes
"Services, institutions & tenders","Advertising agencies, event companies, PR firms, exhibition organisers, wedding planners",Jetwing Events,PCO / event company,Colombo,jetwingevents.com,"Conference kits, banners, badges",SLCB member PCEO; ongoing,https://www.jetwingevents.com/,yes
"Services, institutions & tenders","Advertising agencies, event companies, PR firms, exhibition organisers, wedding planners",Bling Productions,Event production,Colombo,bling.lk,"Backdrops, banners, invitations",Multiple 2025–2026 Colombo events,https://www.bling.lk/,yes
"Services, institutions & tenders","Advertising agencies, event companies, PR firms, exhibition organisers, wedding planners",Hotel Show Colombo (organiser),Exhibition,Colombo,hotelshowcolombo.com,"Show directory, signage, exhibitor kits","24–26 Jul 2026, SBMEC",https://www.hotelshowcolombo.com/,yes
"Services, institutions & tenders","Advertising agencies, event companies, PR firms, exhibition organisers, wedding planners",EDEX Expo,Education exhibition,Colombo,—,"Show guides, banners",Annual education fair,https://en.wikipedia.org/wiki/EDEX_Expo,yes
"Services, institutions & tenders","Advertising agencies, event companies, PR firms, exhibition organisers, wedding planners",Cherish Luxury,Wedding planner,Colombo,cherishluxury.com,"Invitations, menus, signage, favour boxes",Premium wedding planner; ongoing,https://www.cherishluxury.com/post/top-wedding-planners-in-colombo-you-should-know,yes
"Services, institutions & tenders","Advertising agencies, event companies, PR firms, exhibition organisers, wedding planners",The Boss Entertainment,Wedding / event planner,Colombo,—,"Invitations, signage, backdrops",14+ years; outdoor weddings,https://www.findit.lk/recommendations/top-10-wedding-planners-in-sri-lanka,yes
"Services, institutions & tenders","Advertising agencies, event companies, PR firms, exhibition organisers, wedding planners",DE Arts Events,Wedding / event planner,Colombo,—,"Invitations, signage, backdrops",Luxury event services,https://www.findit.lk/recommendations/top-10-wedding-planners-in-sri-lanka,yes
"Services, institutions & tenders","Advertising agencies, event companies, PR firms, exhibition organisers, wedding planners",The Bottom Line,Wedding planner,Colombo,—,"Invitations, menus, signage",Luxury weddings,https://www.findit.lk/recommendations/top-10-wedding-planners-in-sri-lanka,yes
"Services, institutions & tenders","Advertising agencies, event companies, PR firms, exhibition organisers, wedding planners",Vivah Luxury Weddings,Destination wedding planner,Colombo,vivahluxuryweddings.com,"Invitations, welcome kits, signage",Indian destination weddings,https://vivahluxuryweddings.com/destination-wedding-planner-in-sri-lanka.php,yes
"Services, institutions & tenders","Advertising agencies, event companies, PR firms, exhibition organisers, wedding planners",Our Wedding Sri Lanka,Destination wedding planner,Colombo,—,"Invitations, welcome kits",Foreign/destination weddings,https://www.findit.lk/recommendations/top-10-wedding-planners-in-sri-lanka,yes
"Services, institutions & tenders","NGOs, INGOs, UN agencies, ministries, state corporations and universities (tender buyers)",Sri Lanka Export Development Board,State agency,Colombo,srilankabusiness.com,"Expo directory, brochures, signage, promo material","RFP for designing & printing firm, Sri Lanka Expo 2027 (14–17 Jan 2027)",https://www.srilankabusiness.com/pdfs/announcements/2026/expo-2026/print/tor-printing-services-sl-expo-2026.pdf,yes
"Services, institutions & tenders","NGOs, INGOs, UN agencies, ministries, state corporations and universities (tender buyers)",Sri Lanka Tourism Promotion Bureau,State agency,Colombo,srilanka.travel,"Brochures, annual reports, diaries, calendars, letterheads",2026 supplier registration lists offset printing categories,https://srilanka.travel/documents/tender2026/Notice_SLTPB_Supplier_Registration_2026.pdf,yes
"Services, institutions & tenders","NGOs, INGOs, UN agencies, ministries, state corporations and universities (tender buyers)",Sri Lanka Tourism Development Authority,State agency,Colombo,sltda.gov.lk,"Reports, signage, guides",Publishes 2026–2027 tenders on official page,https://www.sltda.gov.lk/en/tender,yes
"Services, institutions & tenders","NGOs, INGOs, UN agencies, ministries, state corporations and universities (tender buyers)",Educational Publications Department,Government dept,Battaramulla,edupub.gov.lk,"School textbooks, modules",2026 textbook printing tender (docs Jul 2025); annual cycle,https://www.tenderdetail.com/Global-Tenders/TenderNotice/99142654/1109d4b3-6e76-4128-be2d-56a7a2b366aa,yes
"Services, institutions & tenders","NGOs, INGOs, UN agencies, ministries, state corporations and universities (tender buyers)",Department of Posts,Government dept,Colombo,slpost.gov.lk,"Envelopes, forms, stamps collateral",Envelope preparation/printing tender (2026),https://www.tendersontime.com/sri-lanka-tenders/printing-tenders/,yes
"Services, institutions & tenders","NGOs, INGOs, UN agencies, ministries, state corporations and universities (tender buyers)",National Water Supply & Drainage Board,State board,Ratmalana,waterboard.lk,"Water bills, forms, notices","Water-bill printing tender, last six months 2026 (RSC Western South)",https://www.waterboard.lk/tenders/,yes
"Services, institutions & tenders","NGOs, INGOs, UN agencies, ministries, state corporations and universities (tender buyers)",State Printing Corporation,State corporation,Panaluwa,—,"Outsourced print, paper supply",Active 2026 tenders,https://www.tendersontime.com/sri-lanka/authority/state-printing-corporation-tenders-13ed/,yes
"Services, institutions & tenders","NGOs, INGOs, UN agencies, ministries, state corporations and universities (tender buyers)",Ministry of Finance (Treasury),Ministry,Colombo,treasury.gov.lk,"Reports, budget documents",Procurement notices page lists 2026 items,https://www.treasury.gov.lk/procurement/procurement-notices,yes
"Services, institutions & tenders","NGOs, INGOs, UN agencies, ministries, state corporations and universities (tender buyers)",Department of Examinations,Government dept,Battaramulla,doenets.lk,"Exam papers, answer scripts, certificates",Paper supply (25 MT) for 2026 exams in tender feeds,https://www.tendersontime.com/sri-lanka-tenders/paper-tenders/,yes
"Services, institutions & tenders","NGOs, INGOs, UN agencies, ministries, state corporations and universities (tender buyers)",Election Commission of Sri Lanka,Independent commission,Rajagiriya,elections.gov.lk,"Ballot papers, voter cards, posters",Provincial Council polls pending; committee term to 17 Dec 2026,https://mawratanews.lk/news/provincial-council-elections-face-further-delay-as-parliament-extends-committee-term/,yes
"Services, institutions & tenders","NGOs, INGOs, UN agencies, ministries, state corporations and universities (tender buyers)","CEB successor companies (e.g., Electricity Distribution Lanka)",State utilities,Colombo,—,"New-brand bills, stationery, signage",CEB dissolved 9 Mar 2026 into six companies (rebrand),https://en.wikipedia.org/wiki/Ceylon_Electricity_Board,yes
"Services, institutions & tenders","NGOs, INGOs, UN agencies, ministries, state corporations and universities (tender buyers)",Ceylon Petroleum Corporation,State corporation,Colombo,—,"Forms, signage, annual report",Ongoing demand,https://en.wikipedia.org/wiki/Ceylon_Petroleum_Corporation,yes
"Services, institutions & tenders","NGOs, INGOs, UN agencies, ministries, state corporations and universities (tender buyers)",Sri Lanka Ports Authority,State corporation,Colombo,—,"Forms, signage, annual report",Ongoing demand,https://en.wikipedia.org/wiki/List_of_government-owned_companies_of_Sri_Lanka,yes
"Services, institutions & tenders","NGOs, INGOs, UN agencies, ministries, state corporations and universities (tender buyers)",Insurance Regulatory Commission of Sri Lanka,Regulator,Colombo,ircsl.gov.lk,"Annual report, guidelines",Annual report cycle,https://ircsl.gov.lk/wp-content/uploads/2023/04/annual-report-2021.pdf,yes
"Services, institutions & tenders","NGOs, INGOs, UN agencies, ministries, state corporations and universities (tender buyers)",Credit Information Bureau (CRIB),Regulator-linked bureau,Colombo,crib.lk,"Annual report, forms",Ongoing demand,https://www.crib.lk/en/about-us/member-institutions,yes
"Services, institutions & tenders","NGOs, INGOs, UN agencies, ministries, state corporations and universities (tender buyers)",University Grants Commission,Regulator,Colombo,ugc.ac.lk,"Handbooks, reports",Annual admissions handbook,https://www.ugc.ac.lk/index.php?option=com_content&view=article&id=101&Itemid=37&lang=en,yes
"Services, institutions & tenders","NGOs, INGOs, UN agencies, ministries, state corporations and universities (tender buyers)",UNDP Sri Lanka,UN agency,Colombo 7,undp.org/srilanka,"Reports, IEC material, event collateral",Posts RFQs on UNDP procurement notices,https://www.undp.org/srilanka/procurement,yes
"Services, institutions & tenders","NGOs, INGOs, UN agencies, ministries, state corporations and universities (tender buyers)",UNICEF Sri Lanka,UN agency,Colombo 7,unicef.org/srilanka,"IEC material, reports, posters",Ongoing; UNGM tenders,https://srilanka.un.org/en/about/un-entities-in-country,yes
"Services, institutions & tenders","NGOs, INGOs, UN agencies, ministries, state corporations and universities (tender buyers)",IOM Sri Lanka,UN agency,Colombo 8,srilanka.iom.int,"Trilingual leaflets, signage, reports",Tender: trilingual communication materials for BIA & Colombo Port,https://srilanka.iom.int/procurement,yes
"Services, institutions & tenders","NGOs, INGOs, UN agencies, ministries, state corporations and universities (tender buyers)",UNFPA Sri Lanka,UN agency,Colombo,srilanka.unfpa.org,"IEC material, reports",Runs electronic ITBs; call-for-submissions page,https://srilanka.unfpa.org/en/call-for-submissions,yes
"Services, institutions & tenders","NGOs, INGOs, UN agencies, ministries, state corporations and universities (tender buyers)",FAO Sri Lanka,UN agency,Colombo 7,fao.org,"Reports, training manuals",Ongoing demand,https://srilanka.un.org/en/contact-us,yes
"Services, institutions & tenders","NGOs, INGOs, UN agencies, ministries, state corporations and universities (tender buyers)",WFP Sri Lanka,UN agency,Colombo,wfp.org,"Reports, IEC posters",Ongoing since 1968,https://srilanka.un.org/en,yes
"Services, institutions & tenders","NGOs, INGOs, UN agencies, ministries, state corporations and universities (tender buyers)",World Bank Sri Lanka office,IFI,Colombo 2,worldbank.org,"Reports, event collateral",Ongoing demand,https://srilanka.un.org/en/contact-us,yes
"Services, institutions & tenders","NGOs, INGOs, UN agencies, ministries, state corporations and universities (tender buyers)",World Vision Lanka,INGO,Colombo,wvi.org/srilanka,"IEC leaflets, reports, banners",31 locations in 16 districts,https://www.wvi.org/srilanka,yes
"Services, institutions & tenders","NGOs, INGOs, UN agencies, ministries, state corporations and universities (tender buyers)",Save the Children Sri Lanka,INGO,Colombo,savethechildren.net,"IEC material, reports",Publishes open tenders globally,https://www.savethechildren.net/tenders,yes
"Services, institutions & tenders","NGOs, INGOs, UN agencies, ministries, state corporations and universities (tender buyers)",Sarvodaya Shramadana Movement,NGO,Moratuwa,sarvodaya.org,"Reports, training booklets, posters",Ongoing demand,https://www.sarvodaya.org/,yes
"Services, institutions & tenders","NGOs, INGOs, UN agencies, ministries, state corporations and universities (tender buyers)",Sewalanka Foundation,NGO,Colombo,—,"Reports, IEC material",Ongoing demand,https://reliefweb.int/organization/sewalanka,yes
"Services, institutions & tenders","NGOs, INGOs, UN agencies, ministries, state corporations and universities (tender buyers)",Foundation of Goodness,NGO,Seenigama,unconditionalcompassion.org,"Reports, donor brochures",900+ villages; ongoing,https://www.unconditionalcompassion.org/,yes
"Services, institutions & tenders","NGOs, INGOs, UN agencies, ministries, state corporations and universities (tender buyers)",Centre for Policy Alternatives,Think tank,Colombo,cpalanka.org,"Reports, policy briefs",Ongoing publications,https://www.cpalanka.org/,yes
"Services, institutions & tenders","NGOs, INGOs, UN agencies, ministries, state corporations and universities (tender buyers)",Verité Research,Think tank,Colombo,veriteresearch.org,"Reports, briefs",Ongoing publications,https://www.veriteresearch.org/,yes
"Services, institutions & tenders","NGOs, INGOs, UN agencies, ministries, state corporations and universities (tender buyers)",Institute of Policy Studies of Sri Lanka,Think tank,Colombo,ips.lk,"State of the Economy report, briefs",Annual flagship report,https://www.ips.lk/,yes
"Services, institutions & tenders","NGOs, INGOs, UN agencies, ministries, state corporations and universities (tender buyers)",Advocata Institute,Think tank,Colombo,advocata.org,"Reports, event collateral",Ongoing publications,https://www.advocata.org/about,yes
"Services, institutions & tenders","NGOs, INGOs, UN agencies, ministries, state corporations and universities (tender buyers)",Centre for a Smart Future (CSF),Think tank,Colombo,csf-asia.org,"Reports, briefs",Ongoing publications,https://www.csf-asia.org/,yes
"Services, institutions & tenders","NGOs, INGOs, UN agencies, ministries, state corporations and universities (tender buyers)",Lakshman Kadirgamar Institute (LKI),Think tank,Colombo,—,"Reports, conference collateral",Ongoing publications,https://en.wikipedia.org/wiki/Lakshman_Kadirgamar_Institute_of_International_Relations_and_Strategic_Studies,yes
"Services, institutions & tenders","NGOs, INGOs, UN agencies, ministries, state corporations and universities (tender buyers)",Transparency International Sri Lanka,NGO,Colombo,—,"Reports, awareness posters",Ongoing publications,https://www.transparency.org/en/countries/sri-lanka,yes
"Services, institutions & tenders","Publishers, newspapers, magazines, book publishers, religious organisations, political parties",Wijeya Newspapers Ltd,Newspaper / magazine publisher,Colombo,—,"Magazines (Pulse), supplements, posters","Daily Mirror, Lankadeepa, Ada; ongoing",https://en.wikipedia.org/wiki/Wijeya_Newspapers,yes
"Services, institutions & tenders","Publishers, newspapers, magazines, book publishers, religious organisations, political parties",Upali Newspapers (Pvt) Ltd,Newspaper publisher,Colombo,—,"Supplements, posters, magazines","The Island, Divaina; ongoing",https://en.wikipedia.org/wiki/Upali_Newspapers,yes
"Services, institutions & tenders","Publishers, newspapers, magazines, book publishers, religious organisations, political parties",Associated Newspapers of Ceylon (Lake House),State newspaper publisher,Colombo,lakehouse.lk,"Supplements, books, tender directory","Daily News, Dinamina, Silumina; ongoing",https://en.wikipedia.org/wiki/Daily_News_(Sri_Lanka),yes
"Services, institutions & tenders","Publishers, newspapers, magazines, book publishers, religious organisations, political parties",Sumathi Newspapers,Newspaper publisher,Colombo,—,"Supplements, posters",Lakbima; ongoing,https://en.wikipedia.org/wiki/List_of_newspapers_in_Sri_Lanka,yes
"Services, institutions & tenders","Publishers, newspapers, magazines, book publishers, religious organisations, political parties",Rivira Media Corporation,Newspaper publisher,Colombo,—,"Supplements, posters","Rivira, The Nation; ongoing",https://en.wikipedia.org/wiki/List_of_newspapers_in_Sri_Lanka,yes
"Services, institutions & tenders","Publishers, newspapers, magazines, book publishers, religious organisations, political parties",Ceylon Newspapers (Ceylon Today),Newspaper publisher,Colombo,ceylontoday.lk,"Supplements, posters",Ongoing,https://en.wikipedia.org/wiki/List_of_newspapers_in_Sri_Lanka,yes
"Services, institutions & tenders","Publishers, newspapers, magazines, book publishers, religious organisations, political parties",Leader Publications,Newspaper publisher,Colombo,—,Supplements,Ongoing,https://en.wikipedia.org/wiki/Mass_media_in_Sri_Lanka,yes
"Services, institutions & tenders","Publishers, newspapers, magazines, book publishers, religious organisations, political parties",Uthayan Group,Newspaper publisher,Jaffna,—,"Supplements, posters",Ongoing,https://en.wikipedia.org/wiki/Mass_media_in_Sri_Lanka,yes
"Services, institutions & tenders","Publishers, newspapers, magazines, book publishers, religious organisations, political parties",Media Services (Pvt) Ltd (LMD),Magazine publisher,Colombo,lmd.lk,"Monthly magazine, awards collateral","~5,000 monthly circulation",https://en.wikipedia.org/wiki/LMD_(magazine),yes
"Services, institutions & tenders","Publishers, newspapers, magazines, book publishers, religious organisations, political parties",Echelon Media (Pvt) Ltd,Magazine publisher,Colombo,echelon.lk,"Magazine, event collateral",Ongoing,https://echelon.lk/,yes
"Services, institutions & tenders","Publishers, newspapers, magazines, book publishers, religious organisations, political parties",Hi!! Magazine,Magazine publisher,Colombo,—,Society magazine,Ongoing,https://www.w3newspapers.com/srilanka/magazines/,yes
"Services, institutions & tenders","Publishers, newspapers, magazines, book publishers, religious organisations, political parties",Serendib (SriLankan Airlines inflight magazine),Magazine,Colombo,—,Inflight magazine,Ongoing,https://www.w3newspapers.com/srilanka/magazines/,yes
"Services, institutions & tenders","Publishers, newspapers, magazines, book publishers, religious organisations, political parties",Sarasavi Publishers / Sarasavi Bookshop,Book publisher / retailer,Nugegoda,sarasavi.lk,"Books, catalogues, bags",Largest bookstore chain; CIBF exhibitor,https://en.wikipedia.org/wiki/Sarasavi_Bookshop,yes
"Services, institutions & tenders","Publishers, newspapers, magazines, book publishers, religious organisations, political parties",M.D. Gunasena & Co.,Educational publisher,Colombo,mdgunasena.com,"Textbooks, exercise books",Since 1913; ongoing,https://booxworm.lk/blogs/books/book-publishers-sri-lanka-list,yes
"Services, institutions & tenders","Publishers, newspapers, magazines, book publishers, religious organisations, political parties",Vijitha Yapa Publications,Book publisher / retailer,Colombo,vijithayapa.com,"Books, catalogues, bags",Largest English bookstore chain,https://www.vijithayapa.com/,yes
"Services, institutions & tenders","Publishers, newspapers, magazines, book publishers, religious organisations, political parties",Godage International Publishers,Book publisher,Colombo,—,"Sinhala books, posters",Publishes many titles yearly,https://en.wikipedia.org/wiki/Sirisumana_Godage,yes
"Services, institutions & tenders","Publishers, newspapers, magazines, book publishers, religious organisations, political parties",Sooriya Publishers,Book publisher,Colombo,—,Books,CIBF leadership member,https://cibf.lk/,yes
"Services, institutions & tenders","Publishers, newspapers, magazines, book publishers, religious organisations, political parties",S & T Group (publishers),Book publisher,Colombo,—,Books,CIBF leadership member,https://cibf.lk/,yes
"Services, institutions & tenders","Publishers, newspapers, magazines, book publishers, religious organisations, political parties",Umagiliya Prathiba Publishers,Book publisher,Colombo,—,Books,CIBF leadership member,https://cibf.lk/,yes
"Services, institutions & tenders","Publishers, newspapers, magazines, book publishers, religious organisations, political parties",Susara Publishers,Book publisher,Colombo,—,Books,CIBF leadership member,https://cibf.lk/,yes
"Services, institutions & tenders","Publishers, newspapers, magazines, book publishers, religious organisations, political parties",Ashirwada Publishers,Book publisher,Colombo,—,Books,CIBF leadership member,https://cibf.lk/,yes
"Services, institutions & tenders","Publishers, newspapers, magazines, book publishers, religious organisations, political parties",Malpiyali Publishers,Book publisher,Colombo,—,Books,Exhibiting at CIBF 2026,https://www.facebook.com/malpiyalipublisher/posts/colombo-international-book-fair-2026colombointernationalbookfair-bmich-malpiyali/1702149941635158/,yes
"Services, institutions & tenders","Publishers, newspapers, magazines, book publishers, religious organisations, political parties",Fast Publishers,Book publisher,Colombo,—,Books,Listed among renowned houses,https://booxworm.lk/blogs/books/book-publishers-sri-lanka-list,yes
"Services, institutions & tenders","Publishers, newspapers, magazines, book publishers, religious organisations, political parties",Vidarshana Publishers,Book publisher,Colombo,—,Books,Listed among renowned houses,https://booxworm.lk/blogs/books/book-publishers-sri-lanka-list,yes
"Services, institutions & tenders","Publishers, newspapers, magazines, book publishers, religious organisations, political parties",Social Scientists' Association,Academic publisher,Colombo,—,"Books, journals",Listed among renowned houses,https://booxworm.lk/blogs/books/book-publishers-sri-lanka-list,yes
"Services, institutions & tenders","Publishers, newspapers, magazines, book publishers, religious organisations, political parties",Sri Lanka Book Publishers' Association,Trade association,Colombo,cibf.lk,"Fair guides, banners, member books",CIBF 2026 at BMICH (Sept 2026); 155+ members,https://adaderana.lk/news/cmuge7i7w0003356p65vn7nbf,yes
"Services, institutions & tenders","Publishers, newspapers, magazines, book publishers, religious organisations, political parties",Buddhist Publication Society,Religious publisher,Kandy,bps.lk,"Books, booklets, newsletters","3,000 subscriber members in 80 countries",https://www.bps.lk/,yes
"Services, institutions & tenders","Publishers, newspapers, magazines, book publishers, religious organisations, political parties",Ceylon Bible Society,Religious publisher,Colombo,—,"Scriptures, booklets",unverified this session,—,verify
"Services, institutions & tenders","Publishers, newspapers, magazines, book publishers, religious organisations, political parties",National People's Power (NPP),Political party,Colombo,—,"Posters, leaflets, banners",Provincial Council polls pending (decision by Dec 2026),https://www.lankanewspapers.com/2026/07/19/election-commission-hands-back-provincial-council-election-funds-amid-ongoing-delays,yes
"Services, institutions & tenders","Publishers, newspapers, magazines, book publishers, religious organisations, political parties",Samagi Jana Balawegaya (SJB),Political party,Colombo,—,"Posters, leaflets, banners",Provincial Council polls pending,https://mawratanews.lk/news/provincial-council-elections-face-further-delay-as-parliament-extends-committee-term/,yes
"Services, institutions & tenders","Publishers, newspapers, magazines, book publishers, religious organisations, political parties",United National Party (UNP),Political party,Colombo,—,"Posters, leaflets, banners",Provincial Council polls pending,https://en.wikipedia.org/wiki/2025_Sri_Lankan_local_elections,yes
"Services, institutions & tenders","Publishers, newspapers, magazines, book publishers, religious organisations, political parties",Sri Lanka Podujana Peramuna (SLPP),Political party,Colombo,—,"Posters, leaflets, banners",Provincial Council polls pending,https://en.wikipedia.org/wiki/2025_Sri_Lankan_local_elections,yes
"Retail, e-commerce & SMEs","Supermarket and retail chains, pharmacies, department stores, electronics retailers",Keells (John Keells Holdings),Supermarket chain,Colombo,keellssuper.com,"Private-label cartons/labels, shelf talkers, weekly flyers, paper bags, POS displays",135+ outlets as of 2024; continuous outlet refits and promotions,https://en.wikipedia.org/wiki/Keells,yes
"Retail, e-commerce & SMEs","Supermarket and retail chains, pharmacies, department stores, electronics retailers",Cargills Food City,Supermarket chain,Colombo,cargillsceylon.com/retail,"Private-label packaging, shelf-edge labels, promo flyers, paper bags, catalogues","Largest chain in Sri Lanka, 500+ locations; ongoing demand",https://www.cargillsceylon.com/retail/,yes
"Retail, e-commerce & SMEs","Supermarket and retail chains, pharmacies, department stores, electronics retailers",Arpico Super Centre (Richard Pieris),Supermarket / hypermarket,Colombo,arpico.com,"POS displays, catalogues, private-label labels, carry bags","One of three largest retail operators; seasonal (Avurudu, Christmas) campaigns",https://en.wikipedia.org/wiki/Arpico_Super_Centre,yes
"Retail, e-commerce & SMEs","Supermarket and retail chains, pharmacies, department stores, electronics retailers",Glomark (Softlogic Retail),Supermarket chain,Colombo,glomark.lk,"Shelf talkers, flyers, private-label packaging, loyalty collateral",Softlogic retail arm expanding store network,https://www.softlogic.lk/retail-sector/company-details/22,yes
"Retail, e-commerce & SMEs","Supermarket and retail chains, pharmacies, department stores, electronics retailers",SPAR Sri Lanka,Supermarket chain,Colombo,spar2u.lk,"Private-label cartons, promo leaflets, in-store signage, paper bags",International franchise with growing outlet count; ongoing demand,https://www.yamu.lk/kamu/spar-supermarket/,yes
"Retail, e-commerce & SMEs","Supermarket and retail chains, pharmacies, department stores, electronics retailers",LAUGFS Supermarkets,Supermarket chain,Colombo (Pepiliyana),laugfssupermarkets.lk,"In-store promo print, shelf talkers, bags, co-branded café signage",Revamped Pepiliyana outlet with Bing Chun bubble tea partnership,https://island.lk/laugfs-supermarkets-partners-with-bing-chun-to-introduce-a-new-lifestyle-experience-at-pepiliyana-outlet/,yes
"Retail, e-commerce & SMEs","Supermarket and retail chains, pharmacies, department stores, electronics retailers",Lanka Sathosa,State retail chain,Colombo,lankasathosa.org,"Price tags, flyers, POS signage, own-brand labels",Largest state-owned retail chain; tender-based print buying,https://en.wikipedia.org/wiki/Lanka_Sathosa,yes
"Retail, e-commerce & SMEs","Supermarket and retail chains, pharmacies, department stores, electronics retailers",Healthguard Pharmacy (Sunshine Healthcare),Pharmacy chain,Colombo,healthguard.lk,"Prescription bags, labels, shelf talkers, wellness catalogues, loyalty cards",24 outlets; premium store at One Galle Face,https://bizenglish.adaderana.lk/world-class-health-and-wellness-store-healthguard-now-at-one-galle-face/,yes
"Retail, e-commerce & SMEs","Supermarket and retail chains, pharmacies, department stores, electronics retailers",Union Chemists,Pharmacy chain,Colombo,unionchemistspharmacy.lk,"Pharmacy bags, labels, leaflets, POS displays",Long-established multi-outlet chain with online pharmacy; ongoing demand,https://unionchemistspharmacy.lk/,yes
"Retail, e-commerce & SMEs","Supermarket and retail chains, pharmacies, department stores, electronics retailers",Odel,Department store,Colombo,odel.lk,"Branded paper bags, tags, seasonal catalogues, POS displays",Anchor tenant at Havelock City Mall; seasonal sale campaigns,https://www.timeout.com/sri-lanka/shopping/odel,yes
"Retail, e-commerce & SMEs","Supermarket and retail chains, pharmacies, department stores, electronics retailers",Cool Planet,Department store chain,Colombo suburbs,coolplanet.lk,"Hang tags, paper bags, in-store signage, online-order packaging","Fast-growing chain, anchor at Havelock City Mall; e-commerce site",https://coolplanet.lk/,yes
"Retail, e-commerce & SMEs","Supermarket and retail chains, pharmacies, department stores, electronics retailers",Nolimit,Fashion retail chain,Colombo,nolimit.lk,"Swing tags, carry bags, catalogues, seasonal POS",Largest fashion retail chain on the island; ongoing demand,https://en.wikipedia.org/wiki/Nolimit,yes
"Retail, e-commerce & SMEs","Supermarket and retail chains, pharmacies, department stores, electronics retailers",Fashion Bug,Fashion retail chain,Bandarawela / Colombo,fashionbug.lk,"Tags, paper bags, flyers, e-commerce mailers","14 outlets, omnichannel; on Daraz Mall",https://growyourclothingbrand.com/blog/clothing-brands-by-country/top-sri-lankan-clothing-brands-you-should-know/,yes
"Retail, e-commerce & SMEs","Supermarket and retail chains, pharmacies, department stores, electronics retailers",Ministry of Brands (MOB),Off-price fashion retailer,"Colombo (Duplication Rd, One Galle Face)",n/a (see source),"Price tags, carry bags, launch signage, in-store POS",Flagship opened Feb 2026; second outlet at One Galle Face 26 Apr 2026,https://businesstoday.lk/ministry-of-brands-opens-second-outlet-at-one-galleface-mall/,yes
"Retail, e-commerce & SMEs","Supermarket and retail chains, pharmacies, department stores, electronics retailers",Crocodile Sri Lanka,Lifestyle apparel retailer,Colombo,n/a (see source),"Tags, paper bags, anniversary campaign print",Celebrated 10 years in Sri Lanka; store network,https://bizenglish.adaderana.lk/leading-lifestyle-brand-crocodile-celebrates-10-years-in-sri-lanka/,yes
"Retail, e-commerce & SMEs","Supermarket and retail chains, pharmacies, department stores, electronics retailers",Abans,Electronics & appliance retailer,Colombo,abans.lk,"Warranty booklets, catalogues, price tags, showroom signage, delivery cartons",Anchor at Havelock City Mall; nationwide showrooms,https://en.wikipedia.org/wiki/Abans,yes
"Retail, e-commerce & SMEs","Supermarket and retail chains, pharmacies, department stores, electronics retailers",Singer Sri Lanka,Electronics & appliance retailer,Colombo,singersl.com,"Product catalogues, warranty cards, POS displays, hire-purchase forms",Top-two consumer electronics retailer; ongoing demand,https://www.singersl.com/,yes
"Retail, e-commerce & SMEs","Supermarket and retail chains, pharmacies, department stores, electronics retailers",Softlogic Electronics,Electronics retailer,Colombo,softlogic.lk,"Showroom signage, catalogues, warranty booklets, shelf talkers",Rapidly expanding store network per Echelon,https://echelon.lk/softlogic-rising-player-in-consumer-electronics-business/,yes
"Retail, e-commerce & SMEs","Supermarket and retail chains, pharmacies, department stores, electronics retailers",Damro,Furniture & electronics showrooms,Colombo,damro.lk,"Catalogues, price tags, showroom signage, delivery packaging",175+ showrooms in Sri Lanka,https://en.wikipedia.org/wiki/Damro,yes
"Retail, e-commerce & SMEs","Supermarket and retail chains, pharmacies, department stores, electronics retailers",CameraLK,Electronics / camera retailer,Colombo,cameralk.com,"Product boxes, warranty cards, shopping bags, e-commerce mailers",Multi-outlet plus online store; ongoing demand,https://en.wikipedia.org/wiki/CameraLK,yes
"Retail, e-commerce & SMEs","Supermarket and retail chains, pharmacies, department stores, electronics retailers",Sarasavi Bookshop,Book & stationery chain,Nugegoda,sarasavi.lk,"Paper bags, bookmarks, promo flyers, in-store signage",Multi-outlet chain; book-fair season demand,https://en.wikipedia.org/wiki/Sarasavi_Bookshop,yes
"Retail, e-commerce & SMEs",E-commerce marketplaces and online D2C brands,Daraz Sri Lanka,E-commerce marketplace,Colombo,daraz.lk,"Branded shipping boxes, poly mailers, tape, seller packaging kits, sale-campaign print",5m+ products; Daraz Mall growth; 11.11 and year-end sales,https://island.lk/daraz-mall-emerges-as-sri-lankas-top-e-commerce-destination-for-reputed-brands/,yes
"Retail, e-commerce & SMEs",E-commerce marketplaces and online D2C brands,Kapruka,E-commerce / gifting marketplace,Colombo,kapruka.com,"Gift boxes, cake boxes, mailer boxes, greeting cards, branded tissue",Islandwide same-day delivery; seasonal gifting peaks,https://en.wikipedia.org/wiki/Kapruka.com,yes
"Retail, e-commerce & SMEs",E-commerce marketplaces and online D2C brands,Wishque,Online gift shop,Colombo,wishque.com,"Gift boxes, hamper packaging, cards, branded bags",Premium gifting site with home décor category; seasonal peaks,https://www.wishque.com/,yes
"Retail, e-commerce & SMEs",E-commerce marketplaces and online D2C brands,SriGift.com,Online gift shop,Colombo,srigift.com,"Gift boxes, shipping cartons, thank-you cards",Free islandwide delivery; ongoing demand,https://www.srigift.com/,yes
"Retail, e-commerce & SMEs",E-commerce marketplaces and online D2C brands,Cotton Island,Online fashion store,Colombo,cottonisland.lk,"Poly mailers, branded boxes, hang tags, thank-you cards",Islandwide delivery e-commerce; ongoing demand,https://cottonisland.lk/,yes
"Retail, e-commerce & SMEs",E-commerce marketplaces and online D2C brands,Absolute Basics,Online clothing brand,Colombo,absolutebasics.lk,"Mailer bags, tags, stickers, inserts",D2C online-only store; new drops,https://absolutebasics.lk/,yes
"Retail, e-commerce & SMEs",E-commerce marketplaces and online D2C brands,Lurreli,Online clothing store,Colombo,lurreli.lk,"Poly mailers, branded boxes, tags, stickers",Claims largest online clothing store in SL; high shipping volume,https://lurreli.lk/,yes
"Retail, e-commerce & SMEs",E-commerce marketplaces and online D2C brands,Lois London,Resort-wear D2C brand,Colombo,instagram.com/loislondoninc,"Garment bags, swing tags, tissue, mailer boxes",Slow-fashion brand shipping via Instagram; collection launches,https://growyourclothingbrand.com/blog/clothing-brands-by-country/top-sri-lankan-clothing-brands-you-should-know/,yes
"Retail, e-commerce & SMEs",E-commerce marketplaces and online D2C brands,Carnage,Activewear D2C brand,Colombo,incarnage.com,"Mailer boxes, poly mailers, tags, stickers, store signage",Claims #1 active/lifestyle brand; online + retail expansion,https://incarnage.com/en-us,yes
"Retail, e-commerce & SMEs",E-commerce marketplaces and online D2C brands,Avirate,Fashion brand (online + stores),Colombo,aviratefashion.com,"Carry bags, tags, mailers, seasonal lookbooks",Online store plus outlets; collection launches,https://www.aviratefashion.com/,yes
"Retail, e-commerce & SMEs",E-commerce marketplaces and online D2C brands,Mimosa,Women's clothing brand,Colombo,mimosaforever.com,"Mailers, tags, paper bags, stickers",Online collection launches; ongoing demand,https://mimosaforever.com/,yes
"Retail, e-commerce & SMEs",E-commerce marketplaces and online D2C brands,Amante (MAS),Lingerie brand,Colombo,amantelingerie.lk,"Unit boxes, mailers, tags, tissue",Sells on Daraz Mall; e-commerce fulfilment,https://www.ft.lk/Business/Daraz-Mall-emerges-as-Sri-Lanka-s-top-e-commerce-destination-for-reputed-brands/34-750943,yes
"Retail, e-commerce & SMEs",E-commerce marketplaces and online D2C brands,Dilly's,Fashion brand,Colombo,n/a (see source),"Tags, mailers, carry bags",Listed as Daraz Mall local brand,https://www.ft.lk/Business/Daraz-Mall-emerges-as-Sri-Lanka-s-top-e-commerce-destination-for-reputed-brands/34-750943,yes
"Retail, e-commerce & SMEs",E-commerce marketplaces and online D2C brands,Stripes and Checks,Menswear brand,Colombo,n/a (see source),"Shirt boxes, tags, mailers",Daraz Mall brand; ongoing demand,https://www.ft.lk/Business/Daraz-Mall-emerges-as-Sri-Lanka-s-top-e-commerce-destination-for-reputed-brands/34-750943,yes
"Retail, e-commerce & SMEs",E-commerce marketplaces and online D2C brands,Celsius,Sportswear brand,Colombo,n/a (see source),"Mailers, tags, retail bags",Daraz Mall brand; ongoing demand,https://www.ft.lk/Business/Daraz-Mall-emerges-as-Sri-Lanka-s-top-e-commerce-destination-for-reputed-brands/34-750943,yes
"Retail, e-commerce & SMEs",E-commerce marketplaces and online D2C brands,Barefoot,Handloom textiles & lifestyle,Colombo,barefootceylon.com,"Gift boxes, tags, wrapping, catalogues",Heritage brand (1964) with online shop and tourist retail,https://growyourclothingbrand.com/blog/clothing-brands-by-country/top-sri-lankan-clothing-brands-you-should-know/,yes
"Retail, e-commerce & SMEs",E-commerce marketplaces and online D2C brands,House of Lonali,Upcycled fashion brand,Colombo,n/a (see source),"Recycled-board tags, kraft mailers, story inserts",Zero-waste positioning; needs eco packaging,https://growyourclothingbrand.com/blog/clothing-brands-by-country/top-sri-lankan-clothing-brands-you-should-know/,yes
"Retail, e-commerce & SMEs",E-commerce marketplaces and online D2C brands,ANUK,Zero-waste fashion brand,Colombo,n/a (see source),"Eco tags, kraft mailers, inserts",Zero-waste brand; collection drops,https://growyourclothingbrand.com/blog/clothing-brands-by-country/top-sri-lankan-clothing-brands-you-should-know/,yes
"Retail, e-commerce & SMEs",E-commerce marketplaces and online D2C brands,The Design Collective Store (TDC),Multi-designer boutique + online,Colombo,thedesigncollectivestore.com,"Branded bags, tags, gift wrap, mailers",Multi-brand store; designer launches,https://thedesigncollectivestore.com/how-high-end-fashion-in-sri-lanka-has-evolved,yes
"Retail, e-commerce & SMEs",E-commerce marketplaces and online D2C brands,Blush Me,Online beauty store,Colombo,blushme.lk,"Shipping boxes, tissue, stickers, inserts",Leading online beauty retailer; ongoing demand,https://www.blushme.lk/,yes
"Retail, e-commerce & SMEs",E-commerce marketplaces and online D2C brands,Watsans.lk,Online cosmetics retailer,Colombo,watsans.lk,"Mailer boxes, void fill, stickers",E-commerce cosmetics; ongoing demand,https://watsans.lk/,yes
"Retail, e-commerce & SMEs",E-commerce marketplaces and online D2C brands,Cosmetics.lk,Online beauty retailer,Colombo,cosmetics.lk,"Mailer boxes, thank-you cards, stickers",Online store with haircare range; ongoing demand,https://cosmetics.lk/,yes
"Retail, e-commerce & SMEs",E-commerce marketplaces and online D2C brands,ORION XO,Korean skincare e-tailer,Colombo,orionxoxo.lk,"Mailers, inserts, promo cards",Online K-beauty distributor; ongoing demand,https://orionxoxo.lk/,yes
"Retail, e-commerce & SMEs",E-commerce marketplaces and online D2C brands,SKIN1004 Sri Lanka,Skincare brand distributor,Colombo,instagram.com/skin1004srilanka,"Mailer boxes, POS displays, leaflets",Official Instagram distributor account; launches,https://www.instagram.com/skin1004srilanka/,yes
"Retail, e-commerce & SMEs",E-commerce marketplaces and online D2C brands,Beauty Box,Online makeup & fragrance store,Colombo,beautybox.lk,"Mailers, tissue, stickers, gift boxes",Islandwide delivery; ongoing demand,https://www.beautybox.lk/,yes
"Retail, e-commerce & SMEs",E-commerce marketplaces and online D2C brands,Exclusive Lines,Beauty brand distributor,Colombo,n/a (see source),"Unit cartons, POS displays, leaflets",Daraz Mall seller; ongoing demand,https://www.ft.lk/Business/Daraz-Mall-emerges-as-Sri-Lanka-s-top-e-commerce-destination-for-reputed-brands/34-750943,yes
"Retail, e-commerce & SMEs",E-commerce marketplaces and online D2C brands,Edys.lk,Home décor & furniture D2C,Colombo,instagram.com/edys.lk,"Shipping cartons, fragile labels, catalogues","37K Instagram followers, islandwide delivery",https://www.instagram.com/edys.lk/?hl=en,yes
"Retail, e-commerce & SMEs",E-commerce marketplaces and online D2C brands,Home Decor Sri Lanka (@homedecor.sl),Home décor D2C,Colombo,instagram.com/homedecor.sl,"Shipping boxes, labels, inserts",Instagram-first seller with islandwide delivery,https://www.instagram.com/homedecor.sl/,yes
"Retail, e-commerce & SMEs",E-commerce marketplaces and online D2C brands,ELYA,Online home décor store,Colombo 4,elya.lk,"Cartons, protective packaging, thank-you cards","Free Colombo delivery, islandwide shipping",https://elya.lk/,yes
"Retail, e-commerce & SMEs",E-commerce marketplaces and online D2C brands,Urban Island,Homeware & gifts concept store,Colombo,urbanisland.lk,"Gift boxes, tags, branded bags, catalogues",Online plus concept store; gifting seasons,https://urbanisland.lk/,yes
"Retail, e-commerce & SMEs",E-commerce marketplaces and online D2C brands,Gandhara Store,Furniture & décor store,Colombo 6,gandharastore.com,"Catalogues, tags, gift wrap, cartons",Retail store on Colombo's art street; ongoing demand,https://gandharastore.com/,yes
"Retail, e-commerce & SMEs",E-commerce marketplaces and online D2C brands,WhoWe Are,Eco-friendly home & lifestyle e-shop,Colombo,whoweare.lk,"Kraft boxes, eco labels, inserts",Eco positioning needs sustainable packaging,https://whoweare.lk/product-category/home/,yes
"Retail, e-commerce & SMEs",E-commerce marketplaces and online D2C brands,Dankotuwa Porcelain,Tableware brand (retail + online),Dankotuwa / Colombo,dankotuwa.com,"Gift boxes, protective cartons, catalogues",Daraz Mall brand; wedding-season gifting,https://en.wikipedia.org/wiki/Dankotuwa_Porcelain,yes
"Retail, e-commerce & SMEs","Cloud kitchens, food delivery, coffee roasters, chocolatiers, bakeries, cake studios, ice-cream","Gastrolabs (Flip Burgers, Pulse + Beet)",Cloud kitchen operator,Colombo 3,gastrolabs.lk,"Burger boxes, bowl containers, sleeves, stickers, delivery bags",Plans more kitchens and brands; multi-brand packaging,https://gastrolabs.lk/,yes
"Retail, e-commerce & SMEs","Cloud kitchens, food delivery, coffee roasters, chocolatiers, bakeries, cake studios, ice-cream",Full'r,Cloud-kitchen burger brand,Colombo,n/a (see source),"Burger clamshells, wraps, branded bags, stickers",Delivery-only brand with designed packaging system,https://worldbranddesign.com/fullr-cloud-kitchen-burger-brand-in-sri-lanka/,yes
"Retail, e-commerce & SMEs","Cloud kitchens, food delivery, coffee roasters, chocolatiers, bakeries, cake studios, ice-cream",The Cloud Kitchen,Delivery-only kitchen,Colombo,n/a (see source),"Meal boxes, labels, cutlery packs, bags",Active on Uber Eats Colombo,https://www.ubereats.com/lk/store/the-cloud-kitchen/dwduZZIqRnK7wmZkr48f5Q,yes
"Retail, e-commerce & SMEs","Cloud kitchens, food delivery, coffee roasters, chocolatiers, bakeries, cake studios, ice-cream",K 24 Cloud Kitchen,Delivery-only kitchen,Colombo,n/a (see source),"Meal boxes, labels, bags",Active on Uber Eats Colombo,https://www.ubereats.com/lk/store/k-24-cloud-kitchen-colombo/X0BtSmT0VmmTlnN8xomegg,yes
"Retail, e-commerce & SMEs","Cloud kitchens, food delivery, coffee roasters, chocolatiers, bakeries, cake studios, ice-cream",Spicy Mango / Curry Kitchen / Shaolin Wok,Digital restaurant brands (one operator),Colombo,n/a (see source),"Multi-brand rice boxes, labels, bags",Shaolin Wok newly introduced per The Morning,https://www.themorning.lk/food-the-new-digital-frontier,yes
"Retail, e-commerce & SMEs","Cloud kitchens, food delivery, coffee roasters, chocolatiers, bakeries, cake studios, ice-cream",Food Prints by Koluu,Delivery restaurant brand,Colombo,instagram.com/foodprintssrilanka,"Kottu/biryani boxes, labels, bags",On Uber Eats and Instagram; ongoing demand,https://www.instagram.com/foodprintssrilanka/,yes
"Retail, e-commerce & SMEs","Cloud kitchens, food delivery, coffee roasters, chocolatiers, bakeries, cake studios, ice-cream",Kottu Kade,Kottu delivery brand,Colombo 6,facebook.com/kottukade.lk,"Kottu boxes, sleeves, bags, stickers",Uber Eats listing; ongoing demand,https://www.facebook.com/kottukade.lk/,yes
"Retail, e-commerce & SMEs","Cloud kitchens, food delivery, coffee roasters, chocolatiers, bakeries, cake studios, ice-cream",Ko' Roti,Fusion kottu (delivery-only),Battaramulla,facebook.com/korotikoththu,"Delivery boxes, stickers, bags",Exclusive Uber Eats brand; ongoing demand,https://www.facebook.com/korotikoththu/,yes
"Retail, e-commerce & SMEs","Cloud kitchens, food delivery, coffee roasters, chocolatiers, bakeries, cake studios, ice-cream",Dadibidi Kottu,Kottu delivery brand,Homagama,n/a (see source),"Boxes, bags, labels",Uber Eats listing; ongoing demand,https://www.ubereats.com/lk/store/dadibidi-kottu-homagama/SIg10C0kS1afxXLivraxHw,yes
"Retail, e-commerce & SMEs","Cloud kitchens, food delivery, coffee roasters, chocolatiers, bakeries, cake studios, ice-cream",Soul Coffee,Specialty roaster & café,Colombo,soulcoffee.lk,"Coffee bags with valves, labels, cups, sleeves",Pioneer roaster with retail beans; ongoing demand,https://www.rofi.lk/blog/sri-lankas-best-coffee-roasteries-cafes-from-bean-to-cup/,yes
"Retail, e-commerce & SMEs","Cloud kitchens, food delivery, coffee roasters, chocolatiers, bakeries, cake studios, ice-cream",Whight & Co,Roaster & café,Colombo,whightandco.com,"Coffee bags, labels, cups, menus",Own roasting operation; retail beans,https://www.rofi.lk/blog/sri-lankas-best-coffee-roasteries-cafes-from-bean-to-cup/,yes
"Retail, e-commerce & SMEs","Cloud kitchens, food delivery, coffee roasters, chocolatiers, bakeries, cake studios, ice-cream",The Beans Coffee Factory,Independent roastery,Colombo,n/a (see source),"Coffee pouches, labels, cartons",Sources Sri Lankan beans; retail packs,https://www.rofi.lk/blog/sri-lankas-best-coffee-roasteries-cafes-from-bean-to-cup/,yes
"Retail, e-commerce & SMEs","Cloud kitchens, food delivery, coffee roasters, chocolatiers, bakeries, cake studios, ice-cream",Temple Grounds / KIKU,Roaster + café,Colombo 5,n/a (see source),"Coffee bags, labels, cups, sleeves",Roaster with sister venue KIKU; stocked at Butter Boutique,https://www.doubleskinnymacchiato.com/2024/10/sri-lanka-specialty-coffee-guide-map.html,yes
"Retail, e-commerce & SMEs","Cloud kitchens, food delivery, coffee roasters, chocolatiers, bakeries, cake studios, ice-cream",Department of Coffee,Specialty café,Colombo,deptofcoffee.lk,"Cups, sleeves, retail bean bags, menus",Modern café brand; ongoing demand,https://deptofcoffee.lk/,yes
"Retail, e-commerce & SMEs","Cloud kitchens, food delivery, coffee roasters, chocolatiers, bakeries, cake studios, ice-cream",Helanta Coffee,Highland roaster,Central Highlands,n/a (see source),"Coffee bags, labels, gift boxes",Supports specialty revival; retail packs,https://igorswieczak.com/10-sri-lanka-specialty-coffee/,yes
"Retail, e-commerce & SMEs","Cloud kitchens, food delivery, coffee roasters, chocolatiers, bakeries, cake studios, ice-cream",Colombo Coffee Company,Coffee brand & online shop,Colombo,shop.coffee.lk,"Coffee bags, labels, shipping cartons",Online store for beans and accessories,https://shop.coffee.lk/,yes
"Retail, e-commerce & SMEs","Cloud kitchens, food delivery, coffee roasters, chocolatiers, bakeries, cake studios, ice-cream",London House of Coffee,Café & roaster,Colombo,n/a (see source),"Cups, sleeves, bean bags",Listed among Colombo roasters,https://wanderlog.com/list/geoCategory/1861441/best-coffee-roasters-in-colombo,yes
"Retail, e-commerce & SMEs","Cloud kitchens, food delivery, coffee roasters, chocolatiers, bakeries, cake studios, ice-cream",Cafe Kumbuk,Café & juice,Colombo,n/a (see source),"Cups, takeaway boxes, menus",Listed in specialty coffee and juice guides,https://igorswieczak.com/10-sri-lanka-specialty-coffee/,yes
"Retail, e-commerce & SMEs","Cloud kitchens, food delivery, coffee roasters, chocolatiers, bakeries, cake studios, ice-cream",Butter Boutique,Bakery-café,Colombo 7,n/a (see source),"Cake boxes, pastry boxes, cups, labels",Stocks Temple Grounds coffee; ongoing demand,https://www.doubleskinnymacchiato.com/2024/10/sri-lanka-specialty-coffee-guide-map.html,yes
"Retail, e-commerce & SMEs","Cloud kitchens, food delivery, coffee roasters, chocolatiers, bakeries, cake studios, ice-cream",Gerard Mendis Chocolatier,Artisan chocolatier & patisserie,Colombo 7,gerardmendis.com,"Rigid chocolate boxes, sleeves, cake boxes, gift bags","Flagship store; seasonal gifting (Christmas, Valentine's)",https://www.tripadvisor.com/ShowUserReviews-g293962-d4600527-r613780245-Gerard_Mendis_Chocolatier-Colombo_Western_Province.html,yes
"Retail, e-commerce & SMEs","Cloud kitchens, food delivery, coffee roasters, chocolatiers, bakeries, cake studios, ice-cream",La Chocolata,Artisan chocolate brand,Colombo,instagram.com/lachocolata_sl,"Bar sleeves, gift boxes, labels",Colombo atelier; corporate gifting,https://www.instagram.com/lachocolata_sl/,yes
"Retail, e-commerce & SMEs","Cloud kitchens, food delivery, coffee roasters, chocolatiers, bakeries, cake studios, ice-cream",Vittoria Chocolates,Bean-to-bar chocolate,Colombo,vittoriachocolates.com,"Bar wrappers, gift boxes, labels","Started 2022, growing artisan brand",https://vittoriachocolates.com/,yes
"Retail, e-commerce & SMEs","Cloud kitchens, food delivery, coffee roasters, chocolatiers, bakeries, cake studios, ice-cream",La Chocolatier,Handmade chocolates,Colombo,facebook.com/lachocolatierSL,"Custom boxes, favour boxes, labels",Custom-decorated chocolates for events,https://www.facebook.com/lachocolatierSL/,yes
"Retail, e-commerce & SMEs","Cloud kitchens, food delivery, coffee roasters, chocolatiers, bakeries, cake studios, ice-cream",The Chocolate House Sri Lanka,Chocolate retailer,Colombo,facebook.com/thechocolatehouse.sl,"Gift boxes, bags, labels",Active Facebook shop; gifting seasons,https://www.facebook.com/thechocolatehouse.sl/,yes
"Retail, e-commerce & SMEs","Cloud kitchens, food delivery, coffee roasters, chocolatiers, bakeries, cake studios, ice-cream",Anods Cocoa / Anods Chocolate Lounge,Chocolate manufacturer & lounge,Colombo,anodscocoa.com,"Retail cartons, truffle boxes, labels",5000 MT plant plus gourmet lounge,https://www.srilankabusiness.com/exporters-directory/company-profiles/anods-cocoa-pvt-ltd/,yes
"Retail, e-commerce & SMEs","Cloud kitchens, food delivery, coffee roasters, chocolatiers, bakeries, cake studios, ice-cream","Bento ""The Cake Studio""",Cake studio,Ratmalana,instagram.com/bento_thecakestudio,"Bento cake boxes, stickers, ribbons",Instagram-order mini cakes with delivery,https://www.instagram.com/bento_thecakestudio/?hl=en,yes
"Retail, e-commerce & SMEs","Cloud kitchens, food delivery, coffee roasters, chocolatiers, bakeries, cake studios, ice-cream",The Cake Counter LK,Home-based cake studio,Colombo,n/a (see source),"Cake boxes, macaron boxes, cookie bags",WhatsApp orders; ongoing demand,https://www.yamu.lk/highlights/7-stores-to-get-customized-cakes/,yes
"Retail, e-commerce & SMEs","Cloud kitchens, food delivery, coffee roasters, chocolatiers, bakeries, cake studios, ice-cream",The Cake Factory,Bakery chain,"Colombo (Colpetty, Rajagiriya)",cakefactory.lk,"Cake boxes, wedding cake boxes, bags",Two outlets; wedding season,https://www.cakefactory.lk/,yes
"Retail, e-commerce & SMEs","Cloud kitchens, food delivery, coffee roasters, chocolatiers, bakeries, cake studios, ice-cream",Yummy Bakes,Boutique bakery,Colombo,n/a (see source),"Cake boxes, cupcake inserts",Listed among custom cake shops,https://www.yamu.lk/yamu-guide/7-bakeshops-that-make-customized-cakes/,yes
"Retail, e-commerce & SMEs","Cloud kitchens, food delivery, coffee roasters, chocolatiers, bakeries, cake studios, ice-cream",Bakes by Bella,Cake studio,Colombo 3,instagram.com/bakesbybellacakes,"Cake boxes, stickers, tags",Custom cake orders via Instagram,https://www.yamu.lk/yamu-guide/7-bakeshops-that-make-customized-cakes/,yes
"Retail, e-commerce & SMEs","Cloud kitchens, food delivery, coffee roasters, chocolatiers, bakeries, cake studios, ice-cream",Better Butter Bakery,Bakery,Maharagama,instagram.com/betterbutterbakery,"Cake boxes, pastry bags, labels",Custom cakes; ongoing demand,https://www.yamu.lk/yamu-guide/7-bakeshops-that-make-customized-cakes/,yes
"Retail, e-commerce & SMEs","Cloud kitchens, food delivery, coffee roasters, chocolatiers, bakeries, cake studios, ice-cream",The English Cake Company,Natural bakery & café,Colombo,tecclk.com,"Cake boxes, cups, labels, menus",Grew from Good Market stall; ongoing demand,https://www.tecclk.com/,yes
"Retail, e-commerce & SMEs","Cloud kitchens, food delivery, coffee roasters, chocolatiers, bakeries, cake studios, ice-cream",Roots Gelato,Artisanal gelato,Colombo (Colombo City Centre),instagram.com/rootsgelato,"Cups, lids, sleeves, pint tubs, stickers",New stand-alone gelato bar at Colombo City Centre,https://www.colombocitycentre.lk/store/roots-gelato/,yes
"Retail, e-commerce & SMEs","Cloud kitchens, food delivery, coffee roasters, chocolatiers, bakeries, cake studios, ice-cream",Isle of Gelato,Small-batch gelato,Colombo 2 / Colombo 7,n/a (see source),"Cups, tubs, labels, sleeves","Two outlets incl. Caramel Pumpkin, Ward Place",https://theeatlog.com/2019/03/03/isle-of-gelato/,yes
"Retail, e-commerce & SMEs","Cloud kitchens, food delivery, coffee roasters, chocolatiers, bakeries, cake studios, ice-cream",Ceccato Colombo (Il Gelato),Italian gelato & restaurant,Colombo,ceccatocolombo.lk,"Gelato cups, tubs, menus",Made-in-SL gelato line; ongoing demand,https://www.ceccatocolombo.lk/gelato,yes
"Retail, e-commerce & SMEs","Cloud kitchens, food delivery, coffee roasters, chocolatiers, bakeries, cake studios, ice-cream",Rio Ice Cream,Ice-cream franchise,Jaffna / Colombo,n/a (see source),"Cups, cones sleeves, franchise signage",Multiple outlets in Jaffna and Colombo,https://www.yamu.lk/trending/everything-you-need-to-know-about-ice-cream-in-colombo/,yes
"Retail, e-commerce & SMEs","Cloud kitchens, food delivery, coffee roasters, chocolatiers, bakeries, cake studios, ice-cream",Carnival Ice Cream,Ice-cream parlour brand,Colombo 3,carnivalsl.com,"Cups, tubs, labels, menus",Decades-old brand; ongoing demand,https://carnivalsl.com/,yes
"Retail, e-commerce & SMEs","Cosmetics, skincare, candle, soap and haircare start-ups and local beauty brands",Auybovan Skincare,Botanical skincare start-up,Sri Lanka,n/a (see source),"Unit cartons, labels, inserts, mailer boxes",Brand launched Jan 2026,https://markets.financialcontent.com/buffnews/article/marketersmedia-2026-1-12-auybovan-skincare-introduces-simplified-skincare-routine-powered-by-sri-lankan-botanicals,yes
"Retail, e-commerce & SMEs","Cosmetics, skincare, candle, soap and haircare start-ups and local beauty brands",Ceylonika Cosmetics,Social-selling beauty brand,Colombo,n/a (see source),"Unit cartons, catalogues, starter-kit boxes, labels",Launched at Hilton Colombo; direct-selling catalogues,https://www.ft.lk/lifestyle/Ceylonika-Cosmetics-officially-launches-in-Sri-Lanka/8-779435,yes
"Retail, e-commerce & SMEs","Cosmetics, skincare, candle, soap and haircare start-ups and local beauty brands",Spa Ceylon,Luxury Ayurveda beauty,Colombo,spaceylon.com,"Rigid gift boxes, labels, bags, catalogues","Richly packaged range, retail expansion; gifting seasons",https://www.thesun.lk/solar_hq/Beauty-Brands-of-Sri-Lanka-A-Journey-Through-Local-Elegance-and-Innovation/557-303077,yes
"Retail, e-commerce & SMEs","Cosmetics, skincare, candle, soap and haircare start-ups and local beauty brands",Viana (Ceylon Cosmetics),Mass cosmetics brand,Colombo,n/a (see source),"Unit cartons, labels, POS displays",Established local brand; product launches,https://www.thesun.lk/solar_hq/Beauty-Brands-of-Sri-Lanka-A-Journey-Through-Local-Elegance-and-Innovation/557-303077,yes
"Retail, e-commerce & SMEs","Cosmetics, skincare, candle, soap and haircare start-ups and local beauty brands",Janet,Herbal skincare brand,Colombo,n/a (see source),"Cartons, labels, leaflets",50-year brand with continuing launches,https://www.thesun.lk/solar_hq/Beauty-Brands-of-Sri-Lanka-A-Journey-Through-Local-Elegance-and-Innovation/557-303077,yes
"Retail, e-commerce & SMEs","Cosmetics, skincare, candle, soap and haircare start-ups and local beauty brands",Prevense,Herbal skincare brand,Sri Lanka,n/a (see source),"Cartons, labels, shelf talkers",Named local beauty brand; ongoing demand,https://www.thesun.lk/solar_hq/Beauty-Brands-of-Sri-Lanka-A-Journey-Through-Local-Elegance-and-Innovation/557-303077,yes
"Retail, e-commerce & SMEs","Cosmetics, skincare, candle, soap and haircare start-ups and local beauty brands",Luv Essence,Skincare brand,Sri Lanka,n/a (see source),"Cartons, labels, inserts",Named local beauty brand; ongoing demand,https://www.thesun.lk/solar_hq/Beauty-Brands-of-Sri-Lanka-A-Journey-Through-Local-Elegance-and-Innovation/557-303077,yes
"Retail, e-commerce & SMEs","Cosmetics, skincare, candle, soap and haircare start-ups and local beauty brands",Chandanalepa,Ayurvedic cosmetics manufacturer,Sri Lanka,n/a (see source),"Cartons, labels, sachets, POS",24+ years; wide SKU range,https://ensun.io/search/cosmetics/sri-lanka,yes
"Retail, e-commerce & SMEs","Cosmetics, skincare, candle, soap and haircare start-ups and local beauty brands",Iris Garden,Vegetarian personal-care brand,Sri Lanka,n/a (see source),"Cartons, labels, inserts",Chemical-free positioning; ongoing demand,https://ensun.io/search/skin-care/sri-lanka,yes
"Retail, e-commerce & SMEs","Cosmetics, skincare, candle, soap and haircare start-ups and local beauty brands",Naturalifcare (naturalif),Herbal skincare manufacturer,Sri Lanka,n/a (see source),"Labels, cartons, shrink sleeves",Multi-product natural range,https://ensun.io/search/skin-care/sri-lanka,yes
"Retail, e-commerce & SMEs","Cosmetics, skincare, candle, soap and haircare start-ups and local beauty brands",D'las,COSMOS-organic skincare,Sri Lanka,local.dlasint.com,"Serum cartons, labels, inserts",Only COSMOS Organic certified SL brand; premium packaging,https://local.dlasint.com/,yes
"Retail, e-commerce & SMEs","Cosmetics, skincare, candle, soap and haircare start-ups and local beauty brands",Abhi,Skincare brand,Sri Lanka,abhiproductssrilanka.com,"Cartons, labels, mailers",Founder-led brand; ongoing demand,https://abhiproductssrilanka.com/,yes
"Retail, e-commerce & SMEs","Cosmetics, skincare, candle, soap and haircare start-ups and local beauty brands",Natural Cosmetics LK,Natural cosmetics brand,Sri Lanka,naturalcosmeticslk.com,"Labels, cartons, mailers",Online natural cosmetics; ongoing demand,https://naturalcosmeticslk.com/,yes
"Retail, e-commerce & SMEs","Cosmetics, skincare, candle, soap and haircare start-ups and local beauty brands",Candle Àmore,Aroma & décor candles,Colombo,instagram.com/candleamore.lk,"Candle boxes, labels, wholesale cartons",Retail and wholesale; gifting seasons,https://www.instagram.com/candleamore.lk/?hl=en,yes
"Retail, e-commerce & SMEs","Cosmetics, skincare, candle, soap and haircare start-ups and local beauty brands",Candle House Ceylon,Soy candle brand,Colombo,candlehouseceylon.com,"Candle boxes, gift set boxes, labels","10K followers; gift sets, islandwide delivery",https://candlehouseceylon.com/,yes
"Retail, e-commerce & SMEs","Cosmetics, skincare, candle, soap and haircare start-ups and local beauty brands",The Candle House,Handcrafted candles,Sri Lanka,thecandlehouse.lk,"Boxes, labels, inserts",Online candle store; gifting,https://thecandlehouse.lk/,yes
"Retail, e-commerce & SMEs","Cosmetics, skincare, candle, soap and haircare start-ups and local beauty brands",Wrook,Artisan candles & scents,Sri Lanka,instagram.com/wrook.srilanka,"Boxes, labels, wholesale packs",Est. 2008; wholesale and retail,https://www.instagram.com/wrook.srilanka/?hl=en,yes
"Retail, e-commerce & SMEs","Cosmetics, skincare, candle, soap and haircare start-ups and local beauty brands",Bath Bliss,Handmade soap & bath,Sri Lanka,instagram.com/bathblisshandmade,"Soap sleeves, labels, shampoo-bar boxes",6.6K followers; wellness products,https://www.instagram.com/bathblisshandmade/,yes
"Retail, e-commerce & SMEs","Cosmetics, skincare, candle, soap and haircare start-ups and local beauty brands",Aurelia Soapworks,Handmade skincare & beeswax candles,Colombo,aureliasoapworks.com,"Soap wraps, candle boxes, labels",Rebuilt 2020; online shop,https://aureliasoapworks.com/blogs/news/f,yes
"Retail, e-commerce & SMEs","Franchise and QSR chains, restaurant groups, bubble tea and juice bars",John Keells Restaurants (Wendy's Sri Lanka),QSR franchise (new),Colombo,n/a (see source),"Burger wraps, cups, bags, menus, launch signage",First Wendy's outlet due Dec 2026,https://www.ft.lk/front-page/Wendy-s-first-Sri-Lanka-outlet-to-open-in-December-JKH/44-795362,yes
"Retail, e-commerce & SMEs","Franchise and QSR chains, restaurant groups, bubble tea and juice bars",Burger King Sri Lanka (Softlogic Restaurants),QSR franchise,Colombo,n/a (see source),"Wraps, cups, sleeves, bags, menus",22 locations; fastest-growing QSR chain,https://www.softlogic.lk/retail-sector/company-details/22,yes
"Retail, e-commerce & SMEs","Franchise and QSR chains, restaurant groups, bubble tea and juice bars",Popeyes Sri Lanka (Softlogic),QSR franchise,Mount Lavinia / Colombo,instagram.com/popeyeslk,"Chicken boxes, cups, bags, tray liners",Multi-outlet since 2021; ongoing demand,https://www.softlogic.lk/news-room/2/softlogic-brings-the-iconic-u-s-fried-chicken-brand-popeyes-to-sri-lanka,yes
"Retail, e-commerce & SMEs","Franchise and QSR chains, restaurant groups, bubble tea and juice bars",Pizza Hut Sri Lanka (Gamma Pizzakraft Lanka),QSR franchise,Colombo,pizzahut.lk,"Pizza boxes, menus, flyers, stickers",100+ stores island-wide,https://www.ft.lk/dining/Pizza-Hut-expands-further-by-opening-100th-store-in-Sri-Lanka/39-741390,yes
"Retail, e-commerce & SMEs","Franchise and QSR chains, restaurant groups, bubble tea and juice bars",KFC Sri Lanka (Cargills),QSR franchise,Colombo,kfc.lk,"Buckets, boxes, cups, bags",Cargills-run chain; ongoing demand,https://en.wikipedia.org/wiki/Cargills_(Ceylon),yes
"Retail, e-commerce & SMEs","Franchise and QSR chains, restaurant groups, bubble tea and juice bars",Domino's Pizza Sri Lanka (Jubilant FoodWorks),QSR franchise,Colombo,dominos.lk,"Pizza boxes, menus, door-hangers",Jubilant franchise territory; ongoing demand,https://en.wikipedia.org/wiki/Jubilant_FoodWorks,yes
"Retail, e-commerce & SMEs","Franchise and QSR chains, restaurant groups, bubble tea and juice bars",Isso,Prawn fast-food chain,Colombo,n/a (see source),"Meal boxes, bags, menus",Listed among best fast-food chains,https://www.findit.lk/recommendations/best-fast-food-restaurants-in-sri-lanka,yes
"Retail, e-commerce & SMEs","Franchise and QSR chains, restaurant groups, bubble tea and juice bars",Street Burger,Gourmet burger chain,Colombo,n/a (see source),"Burger boxes, wraps, cups, bags",Multi-outlet local chain,https://www.findit.lk/recommendations/best-fast-food-restaurants-in-sri-lanka,yes
"Retail, e-commerce & SMEs","Franchise and QSR chains, restaurant groups, bubble tea and juice bars",Dinemore,Submarine sandwich chain,Colombo,n/a (see source),"Sub wraps, boxes, bags, menus",Outlets in and outside Colombo,https://www.findit.lk/recommendations/best-fast-food-restaurants-in-sri-lanka,yes
"Retail, e-commerce & SMEs","Franchise and QSR chains, restaurant groups, bubble tea and juice bars",Perera & Sons (P&S),Bakery-café chain,Colombo,perera-sons.com,"Bakery bags, cake boxes, cups, menus",Large national bakery chain; ongoing demand,https://en.wikipedia.org/wiki/Perera_%26_Sons,yes
"Retail, e-commerce & SMEs","Franchise and QSR chains, restaurant groups, bubble tea and juice bars",Crepe Runner,Crêpe & dessert chain,Colombo,creperunner.com,"Crêpe sleeves, cups, boxes, signage",Fast-growing local franchise,https://en.wikipedia.org/wiki/Crepe_Runner,yes
"Retail, e-commerce & SMEs","Franchise and QSR chains, restaurant groups, bubble tea and juice bars",Barista Coffee Lanka,Café chain,Colombo,barista.lk,"Cups, sleeves, bags, menus, opening signage",100th outlet opened 31 Aug 2026; new outlets monthly,https://www.lankabusinessnews.com/barista-reaches-100-outlets-bringing-world-class-coffee-experience-closer-across-sri-lanka/,yes
"Retail, e-commerce & SMEs","Franchise and QSR chains, restaurant groups, bubble tea and juice bars",Java Lounge,Café chain,Colombo,javalounge.lk,"Cups, sleeves, menus, retail bean bags",Nine outlets; ongoing demand,https://javalounge.lk/,yes
"Retail, e-commerce & SMEs","Franchise and QSR chains, restaurant groups, bubble tea and juice bars",The Coffee Bean & Tea Leaf Sri Lanka,Café franchise,Colombo,n/a (see source),"Cups, sleeves, menus",Multi-outlet franchise; ongoing demand,https://www.sundaytimes.lk/100912/Fh/fh02.html,yes
"Retail, e-commerce & SMEs","Franchise and QSR chains, restaurant groups, bubble tea and juice bars",Bubble Mania,Bubble tea chain,"Narahenpita, Kottawa, Malabe, Kiribathgoda",bubblemania.lk,"Cups, sealing film, sleeves, straws packs, signage",Four outlets since 2023 launch; 100K+ customers,https://bubblemania.lk/,yes
"Retail, e-commerce & SMEs","Franchise and QSR chains, restaurant groups, bubble tea and juice bars",Bing Chun Sri Lanka,Bubble tea & ice cream franchise,Colombo (island-wide),bingchunsrilanka.lk,"Cups, cup seals, cone sleeves, franchise signage","66+ stores, actively selling franchises",https://bingchunsrilanka.lk/,yes
"Retail, e-commerce & SMEs","Franchise and QSR chains, restaurant groups, bubble tea and juice bars",Bubble Me Bubble Tea,Bubble tea outlet,Colombo (Colombo City Centre),n/a (see source),"Cups, seals, menus",Mall outlet; ongoing demand,https://www.colombocitycentre.lk/store/bubble-me-bubble-tea/,yes
"Retail, e-commerce & SMEs","Franchise and QSR chains, restaurant groups, bubble tea and juice bars",Fuel,Plant-based smoothie bar,Colombo,fuel.lk,"Cups, labels, delivery bags",Delivery via Uber Eats and PickMe,https://fuel.lk/,yes
"Retail, e-commerce & SMEs","Franchise and QSR chains, restaurant groups, bubble tea and juice bars",The Daily Juice Bar,Juice bar,Colombo 13,n/a (see source),"Cups, lids, labels",Uber Eats listing; ongoing demand,https://www.ubereats.com/lk/store/the-daily-juice-bar-colombo-13/-XAGtry-TFO6FjrCsmNzsg,yes
"Retail, e-commerce & SMEs","Franchise and QSR chains, restaurant groups, bubble tea and juice bars",Doctor Juice,Juice bar,Kotte,n/a (see source),"Cups, labels, menus",Listed on Tripadvisor juice bars,https://www.tripadvisor.com/Restaurants-g293962-zfd9911-Colombo_Western_Province-Juice_and_Smoothies.html,yes
"Retail, e-commerce & SMEs","Florists, gift shops, wedding cake/invitation businesses, event-favour brands",Shirohana,Florist & gifts,Colombo,shirohanaflowers.com,"Bouquet sleeves, gift boxes, message cards","Same-day delivery; Valentine's, Mother's Day peaks",https://shirohanaflowers.com/,yes
"Retail, e-commerce & SMEs","Florists, gift shops, wedding cake/invitation businesses, event-favour brands",Urban Stems,"Florist (luxury, corporate)",Ratmalana / Colombo,urbanstems.lk,"Flower boxes, hamper boxes, cards",Corporate and event flowers; seasonal peaks,https://www.urbanstems.lk/fresh-flowers-standard/,yes
"Retail, e-commerce & SMEs","Florists, gift shops, wedding cake/invitation businesses, event-favour brands",Sterling Flowers,Luxury florist,Colombo,sterlingflowers.lk,"Rigid flower boxes, cards, bags",Same-day delivery; seasonal gifting,https://sterlingflowers.lk/,yes
"Retail, e-commerce & SMEs","Florists, gift shops, wedding cake/invitation businesses, event-favour brands",Flowers4Colombo,Florist & gifts,Colombo,flowers4colombo.com,"Sleeves, gift baskets, cards",Same-day deliveries; ongoing demand,https://www.flowers4colombo.com/,yes
"Retail, e-commerce & SMEs","Florists, gift shops, wedding cake/invitation businesses, event-favour brands",Oopsy Daisy Flowers,Florist,Colombo,oopsydaisy.lk,"Wrapping, boxes, tags",Colombo 1-14 delivery; ongoing demand,https://oopsydaisy.lk/,yes
"Retail, e-commerce & SMEs","Florists, gift shops, wedding cake/invitation businesses, event-favour brands",YaluYalu,Flowers & gifts online,Colombo,yaluyalu.lk,"Boxes, cards, bags",Online flower collection; ongoing demand,https://yaluyalu.lk/,yes
"Retail, e-commerce & SMEs","Florists, gift shops, wedding cake/invitation businesses, event-favour brands",Veronica Flowers,Florist,Sri Lanka,veronicaflowers.com,"Sleeves, boxes, cards",Same-day delivery; ongoing demand,https://www.veronicaflowers.com/,yes
"Retail, e-commerce & SMEs","Florists, gift shops, wedding cake/invitation businesses, event-favour brands",Lassana Flora (Lassana.com),Florist & gifting e-commerce,Colombo,lassana.com,"Gift boxes, cake boxes, cards, bags",Multi-category gifting; seasonal peaks,https://www.lassana.com/gifts/d/24,yes
"Retail, e-commerce & SMEs","Florists, gift shops, wedding cake/invitation businesses, event-favour brands",House of Gifts,Gift & homeware store,Sri Lanka,houseofgifts.lk,"Gift boxes, wrap, tags, mailers","12,000+ gifts, islandwide delivery",https://houseofgifts.lk/shop/,yes
"Retail, e-commerce & SMEs","Florists, gift shops, wedding cake/invitation businesses, event-favour brands",Ceylon Hampers,Custom gift hampers,Sri Lanka,instagram.com/ceylon_hampers_gifting,"Hamper boxes, tissue, ribbons, cards",Corporate and seasonal hampers since 2020,https://www.instagram.com/ceylon_hampers_gifting/,yes
"Retail, e-commerce & SMEs","Florists, gift shops, wedding cake/invitation businesses, event-favour brands",Alohomora.lk,Artisan gift boxes,Sri Lanka,instagram.com/alohomora.lk,"Rigid boxes, inserts, cards",Corporate event boxes; islandwide delivery,https://www.instagram.com/alohomora.lk/,yes
"Retail, e-commerce & SMEs","Florists, gift shops, wedding cake/invitation businesses, event-favour brands",Giftbox Lanka,Premium gift boxes,Sri Lanka,giftboxlanka.lk,"Rigid boxes, gift cards, sleeves",Online gift box retailer; seasonal peaks,http://www.giftboxlanka.lk/,yes
"Retail, e-commerce & SMEs","Florists, gift shops, wedding cake/invitation businesses, event-favour brands",PlushBox,Gift service,Colombo,facebook.com/PlushBoxLK,"Boxes, tissue, cards",Facebook gifting shop; ongoing demand,https://www.facebook.com/PlushBoxLK/,yes
"Retail, e-commerce & SMEs","Florists, gift shops, wedding cake/invitation businesses, event-favour brands",Treats N Stuff,Gift boxes & treats,Colombo,treatsnstuff.com,"Gift boxes, labels, bags",Doorstep delivery Colombo; ongoing demand,https://treatsnstuff.com/c/gift-items/gift-boxes/,yes
"Retail, e-commerce & SMEs","Florists, gift shops, wedding cake/invitation businesses, event-favour brands",Colombo Card Factory,Luxury wedding invitations,Colombo,colombocardfactory.com,"Invitation cards, envelopes, boxed invites, tags","12K followers, worldwide shipping; wedding seasons",https://colombocardfactory.com/,yes
"Retail, e-commerce & SMEs","Florists, gift shops, wedding cake/invitation businesses, event-favour brands",Invitation Store (invitationstore.lk),Wedding invitations & cake boxes,Sri Lanka,invitationstore.lk,"Invitations, cake boxes, favour tags",Islandwide delivery; wedding seasons,https://www.invitationstore.lk/,yes
"Retail, e-commerce & SMEs","Florists, gift shops, wedding cake/invitation businesses, event-favour brands",Invitations.lk,Wedding invitations,Sri Lanka,instagram.com/wedding_invitations_sri_lanka,"Invitation cards, envelopes",Instagram-based; ongoing demand,https://www.instagram.com/wedding_invitations_sri_lanka/,yes
"Retail, e-commerce & SMEs","Florists, gift shops, wedding cake/invitation businesses, event-favour brands",UKAAYE Card,Wedding cards,Sri Lanka,instagram.com/ukaayecard,"Invitation cards, envelopes",Small Instagram business; ongoing demand,https://www.instagram.com/ukaayecard/,yes
"Retail, e-commerce & SMEs","Florists, gift shops, wedding cake/invitation businesses, event-favour brands",Elegance By Design,Wedding stationery,Colombo 7 (Ward Place),elegancebydesign.lk,"Invitations, menus, place cards",Ward Place studio; wedding seasons,https://elegancebydesign.lk/,yes
"Retail, e-commerce & SMEs","Florists, gift shops, wedding cake/invitation businesses, event-favour brands",Gifted Weddings,Wedding favours & souvenirs,Sri Lanka,instagram.com/gifted_weddings,"Favour boxes, tags, sleeves",10K followers; destination weddings,https://www.instagram.com/gifted_weddings/,yes
"Retail, e-commerce & SMEs","Florists, gift shops, wedding cake/invitation businesses, event-favour brands",The Wedding Favours Colombo,Wedding favours,Colombo,instagram.com/the_wedding_favours_colombo,"Favour boxes, tags, cards",Instagram start-up; wedding seasons,https://www.instagram.com/the_wedding_favours_colombo/,yes
"Retail, e-commerce & SMEs","Startups, tech companies, coworking spaces and SME service firms",Hatch,Coworking & incubator,Colombo / Jaffna,hatch.lk,"Member business cards, event banners, welcome kits, signage",Incubator cohorts and events; member start-ups need print,https://hatch.lk/,yes
"Retail, e-commerce & SMEs","Startups, tech companies, coworking spaces and SME service firms",WORX,Coworking (plus WORX Kitchen),Colombo 5,worx.lk,"Signage, roll-ups, member merch, kitchen-tenant packaging",Multiple sites; kitchen tenants are food-delivery brands,https://www.lankabusinessnews.com/rent-the-perfect-delivery-kitchen-with-worx/,yes
"Retail, e-commerce & SMEs","Startups, tech companies, coworking spaces and SME service firms",Regus Colombo,Serviced offices & coworking,Colombo,regus.com/en/lk,"Signage, brochures, member stationery",Several Colombo centres; ongoing demand,https://www.regus.com/en/lk/colombo/coworking,yes
"Retail, e-commerce & SMEs","Startups, tech companies, coworking spaces and SME service firms",Likuid Spaces,Coworking,Colombo (Charles Place),n/a (see source),"Signage, member business cards, event print",24/7 space with office rentals,https://www.coworker.com/sri-lanka/colombo/likuid-spaces,yes
"Retail, e-commerce & SMEs","Startups, tech companies, coworking spaces and SME service firms",Colombo Cooperative,Coworking,Colombo 3,n/a (see source),"Signage, brochures, member stationery",Galle Rd space with member community,https://www.sundaytimes.lk/190217/magazine/coworking-spaces-in-and-around-colombo-335825.html,yes
"Retail, e-commerce & SMEs","Startups, tech companies, coworking spaces and SME service firms",Coco Space,Coworking,Colombo,n/a (see source),"Signage, brochures",Listed among Colombo coworking spaces,https://www.yamu.lk/trending/coworking-spaces-in-colombo/,yes
"Retail, e-commerce & SMEs","Startups, tech companies, coworking spaces and SME service firms",PickMe,Ride-hailing & food delivery start-up,Colombo,pickme.lk,"Driver ID cards, merchant kits, food-delivery bags, stickers",Market-leading start-up; PickMe Food merchant onboarding,https://www.startupblink.com/top-startups/sri-lanka,yes
"Retail, e-commerce & SMEs","Startups, tech companies, coworking spaces and SME service firms",oDoc,Telehealth start-up,Colombo,odoc.life,"Brochures, pharmacy partner POS, business cards",Listed top SL start-up; partner rollouts,https://tracxn.com/d/geographies/sri-lanka/__ourc51Of6fG7rz7-6lIcnYzFxUJWfCndqoO-6bgTTds,yes
"Retail, e-commerce & SMEs","Startups, tech companies, coworking spaces and SME service firms",Mintpay,BNPL fintech start-up,Colombo,mintpay.lk,"Merchant POS stickers, counter displays, flyers",Merchant network growth,https://tracxn.com/d/geographies/sri-lanka/__ourc51Of6fG7rz7-6lIcnYzFxUJWfCndqoO-6bgTTds,yes
"Retail, e-commerce & SMEs","Startups, tech companies, coworking spaces and SME service firms",ShopBook,Retail-tech start-up,Colombo,n/a (see source),"Merchant onboarding print, stickers, flyers",Listed top SL start-up,https://tracxn.com/d/geographies/sri-lanka/__ourc51Of6fG7rz7-6lIcnYzFxUJWfCndqoO-6bgTTds,yes
"Retail, e-commerce & SMEs","Startups, tech companies, coworking spaces and SME service firms",Fintech Association of Sri Lanka,Industry association,Colombo,n/a (see source),"Event banners, badges, brochures",APIX collaboration announced Mar 2026; events,https://en.wikipedia.org/wiki/Fintech_Association_of_Sri_Lanka,yes
"Retail, e-commerce & SMEs","Startups, tech companies, coworking spaces and SME service firms",SLASSCOM,IT/BPM industry association,Colombo,slasscom.lk,"Conference print, banners, member directories",200+ member companies; annual summits,https://slasscom.lk/,yes
"Retail, e-commerce & SMEs","Startups, tech companies, coworking spaces and SME service firms",WSO2,Software company,Colombo,wso2.com,"Business cards, event booths, branded merchandise",Top-rated SL software firm; global events,https://www.arcai.agency/software-companies-sri-lanka,yes
"Retail, e-commerce & SMEs","Startups, tech companies, coworking spaces and SME service firms",99x,Software services,Colombo,99x.io,"Stationery, roll-ups, merchandise",Top-rated SL software company,https://www.arcai.agency/software-companies-sri-lanka,yes
"Retail, e-commerce & SMEs","Startups, tech companies, coworking spaces and SME service firms",Calcey Technologies,Software services SME,Colombo,calcey.com,"Business cards, brochures, merch",Recommended for start-up clients; ongoing demand,https://www.arcai.agency/software-companies-sri-lanka,yes
"Retail, e-commerce & SMEs","Startups, tech companies, coworking spaces and SME service firms",Rootcode,Software & AI SME,Colombo,rootcode.io,"Stationery, event banners, merch",Growing tech SME,https://www.arcai.agency/software-companies-sri-lanka,yes
"Retail, e-commerce & SMEs","Startups, tech companies, coworking spaces and SME service firms",Surge Global,Digital marketing & tech,Colombo,surge.global,"Brochures, client pitch print, merch",Top-rated agency; client campaigns,https://www.arcai.agency/software-companies-sri-lanka,yes
"Retail, e-commerce & SMEs","Startups, tech companies, coworking spaces and SME service firms",Addix,Software SME,Colombo,n/a (see source),"Stationery, brochures",Listed for start-up clients,https://www.arcai.agency/software-companies-sri-lanka,yes
"Retail, e-commerce & SMEs","Startups, tech companies, coworking spaces and SME service firms",Fcode Labs,Software SME,Colombo,fcodelabs.com,"Stationery, merch, banners",Listed for start-up clients,https://www.arcai.agency/software-companies-sri-lanka,yes
"Retail, e-commerce & SMEs","Vehicle dealers, showrooms and automotive service chains","John Keells CG Auto (BYD, DENZA)",EV dealer,"Colombo, Galle, Kandy, Kurunegala",johnkeellscgauto.com,"Brochures, warranty booklets, showroom signage, price tags",New showrooms planned Ampara and Rathnapura; DENZA launch,https://www.keells.com/posts/building-dreams-driving-change-byd-gains-ground-in-sri-lankas-automotive-market/,yes
"Retail, e-commerce & SMEs","Vehicle dealers, showrooms and automotive service chains",Kia Motors Lanka,Car dealer,Colombo (Altair),kia.lk,"Launch collateral, brochures, signage, spec sheets",Landmark Altair showroom opened 7 Apr 2026,https://bizenglish.adaderana.lk/kia-drives-into-colombos-skyline-with-landmark-showroom-at-altair/,yes
"Retail, e-commerce & SMEs","Vehicle dealers, showrooms and automotive service chains",Associated Motorways (AMW) - Nissan,Car dealer,Negombo / Colombo,nissanlk.com,"Showroom signage, brochures, warranty booklets","New Nissan showroom at Chilaw Road, Negombo",https://www.nissanlk.com/press-release/,yes
"Retail, e-commerce & SMEs","Vehicle dealers, showrooms and automotive service chains",Continental Cars & Commercials (Volkswagen),Car dealer (new brand),Sri Jayewardenepura Kotte,n/a (see source),"Launch brochures, 3S signage, service booklets",Volkswagen 3S facility inaugurated June 2026,https://www.passionateinmarketing.com/savwipl-brings-volkswagen-to-sri-lanka-strengthening-its-long-term-regional-vision/,yes
"Retail, e-commerce & SMEs","Vehicle dealers, showrooms and automotive service chains",Euro Motors (Jetour),SUV dealer,Colombo,n/a (see source),"Launch brochures, spec cards, showroom signage",Jetour T2 launched Sept 2025,https://www.facebook.com/alanki.perera/posts/at-the-exclusive-launch-of-jetour-suv-in-sri-lanka-jetour-is-one-of-the-fastest-/10230929519205078/,yes
"Retail, e-commerce & SMEs","Vehicle dealers, showrooms and automotive service chains",Toyota Lanka,Car dealer,Colombo,toyota.lk,"Brochures, warranty booklets, service reminders, signage",National dealer network; ongoing demand,https://www.toyota.lk/,yes
"Retail, e-commerce & SMEs","Vehicle dealers, showrooms and automotive service chains",DIMO (Tata passenger & commercial),Vehicle dealer,Colombo,dimolanka.com,"Launch brochures, spec sheets, dealer signage",Tata Punch/Nexon/Curvv/Tiago.ev launch plus 10 new trucks,https://www.dimolanka.com/tata-motors-and-dimo-expand-mobility-leadership-in-sri-lanka-launch-10-new-trucks-buses/,yes
"Retail, e-commerce & SMEs","Vehicle dealers, showrooms and automotive service chains",David Pieris Motor Company,Two/three-wheeler dealer,Colombo,dpmco.com,"Owner manuals, warranty cards, dealer POS, price tags",Largest automotive company by volume; ongoing demand,https://www.dpmco.com/,yes
"Retail, e-commerce & SMEs","Vehicle dealers, showrooms and automotive service chains",Ideal Motors,Vehicle assembler & distributor,Colombo,idealmotors.lk,"Brochures, service booklets, signage",Active assembler (CATV) and dealer group,https://en.wikipedia.org/wiki/Ideal_Motors_CATV,yes
